x,flux_0,flux_1,vf_0,vf_1
0.0,1.0000000000000002,1.0,0.5,0.5
0.01,0.9989032349802723,0.9131838516846238,0.5000173391673367,0.4999826608326633
0.02,0.9976445690253669,0.834065080103577,0.5000346098510502,0.49996539014894986
0.03,0.9962391560321359,0.7619607489843614,0.5000518123216264,0.4999481876783735
0.04,0.994700801890801,0.6962485147933087,0.5000689468484838,0.4999310531515162
0.05,0.9930420841913754,0.6363612507970681,0.5000860136999759,0.4999139863000242
0.06,0.9912744613003488,0.5817821480827519,0.5001030131433964,0.49989698685660355
0.07,0.9894083717515554,0.5320402512212274,0.5001199454449841,0.499880054555016
0.08,0.9874533248113287,0.4867063900121806,0.5001368108699251,0.4998631891300749
0.09,0.9854179830016457,0.44538947217067026,0.5001536096823591,0.49984639031764094
0.1,0.9833102372954009,0.40773310493246795,0.5001703421453818,0.49982965785461814
0.11,0.9811372756345038,0.3734125163964829,0.5001870085210504,0.49981299147894964
0.12,0.9789056453637398,0.34213175001152885,0.5002036090703864,0.4997963909296136
0.13,0.9766213101206523,0.31362110797395887,0.5002201440533809,0.49977985594661906
0.14,0.9742897016737576,0.28763482145266334,0.500236613728998,0.49976338627100203
0.15,0.9719157671576625,0.2639489275171482,0.5002530183551788,0.4997469816448213
0.16,0.9695040121138372,0.24235933442982308,0.5002693581888455,0.4997306418111544
0.17,0.9670585397094905,0.22268005859063902,0.5002856334859063,0.4997143665140937
0.18,0.9645830864739274,0.20474161790488196,0.5003018445012578,0.4996981554987422
0.19,0.9620810548616264,0.18838956769605655,0.5003179914887903,0.49968200851120975
0.2,0.9595555429238157,0.17348316651705592,0.500334074701391,0.499665925298609
0.21,0.9569842159339575,0.15986651121923098,0.500384322347811,0.499615677652189
0.22,0.9543947122284824,0.1474526178990332,0.5004343717663543,0.4995656282336457
0.23,0.9517894152427999,0.13613482740609018,0.5004842237390337,0.4995157762609663
0.24,0.949170493933557,0.1258159396841377,0.5005338790447766,0.4994661209552234
0.25,0.9465399218553813,0.11640737492451644,0.5005833384594376,0.4994166615405624
0.26,0.9438994945416364,0.10782840910629388,0.5006326027558107,0.4993673972441893
0.27,0.9412508453399799,0.10000547732693153,0.500681672703641,0.49931832729635905
0.28,0.9385954598400877,0.09287153891228463,0.500730549069637,0.49926945093036307
0.29,0.9359346890187165,0.08636549882772593,0.5007792326174825,0.49922076738251747
0.3,0.9332697612161344,0.08043168039793502,0.5008277241078487,0.4991722758921513
0.31,0.930601793047817,0.07501934478557543,0.5008760242984058,0.4991239757015941
0.32,0.9279317993460664,0.07008225308250907,0.5009241339438352,0.49907586605616483
0.33,0.9252607022177958,0.06557826723485997,0.5009720537958406,0.4990279462041594
0.34,0.9225893392970546,0.061468986358297895,0.5010197846031607,0.49898021539683934
0.35,0.9199184712638834,0.057719415305264234,0.50106732711158,0.49893267288841997
0.36,0.9172487886947229,0.054297662624141235,0.5011146820639413,0.4988853179360587
0.37,0.9145809183038033,0.05117466530396746,0.5011618502001565,0.4988381497998435
0.38,0.9119154286296551,0.04832393792941939,0.5012088322572188,0.4987911677427812
0.39,0.9092528352160703,0.04572134408140343,0.5012556289692138,0.49874437103078617
0.4,0.9065936053324586,0.04334488801055041,0.5013022410673311,0.4986977589326689
0.41,0.9039099573881233,0.0411453784048856,0.5013827485394584,0.4986172514605416
0.42,0.9012307731146986,0.03913645399984073,0.5014629385898137,0.4985370614101862
0.43,0.8985564079643619,0.03730122858833874,0.5015428124699157,0.49845718753008433
0.44,0.8958871830010704,0.035624312963640964,0.501622371426348,0.498377628573652
0.45,0.8932233879732736,0.03409168221457592,0.5017016167007797,0.4982983832992202
0.46,0.890565284113092,0.03269055478378572,0.5017805495299843,0.4982194504700157
0.47,0.8879131066863012,0.031409282246391286,0.5018591711458587,0.49814082885414135
0.48,0.8852670673153071,0.030237248858879094,0.5019374827754428,0.4980625172245572
0.49,0.8826273560953133,0.029164780012225843,0.5020154856409388,0.4979845143590612
0.5,0.8799941435220893,0.028183058800027354,0.5020931809597298,0.4979068190402702
0.51,0.8773675822481096,0.027284049982347347,0.5021705699443992,0.4978294300556008
0.52,0.8747478086823377,0.026460430689750864,0.5022476538027494,0.49775234619725056
0.53,0.8721349444475708,0.0257055272700876,0.5023244337378208,0.4976755662621792
0.54,0.8695290977080248,0.025013257733541478,0.5024009109479104,0.49759908905208955
0.55,0.8669303643787086,0.02437807929972108,0.5024770866265906,0.49752291337340937
0.56,0.864338829227105,0.02379494059454723,0.502552961962728,0.497447038037272
0.57,0.8617545668767497,0.0232592380847775,0.5026285381405015,0.49737146185949854
0.58,0.8591776427214325,0.02276677637453893,0.5027038163394213,0.4972961836605787
0.59,0.8566081137579827,0.02231373202153354,0.502778797734347,0.4972212022656531
0.6,0.8540460293448787,0.02189662056092433,0.5028534834955058,0.49714651650449415
0.61,0.8514635465115931,0.02148504027808323,0.5029618625758633,0.4970381374241367
0.62,0.8488889328405378,0.021105951260555283,0.5030698143328236,0.49693018566717634
0.63,0.846322221104939,0.02075648287292596,0.5031773404512629,0.4968226595487371
0.64,0.8437634382962054,0.020434018882023126,0.5032844426094135,0.4967155573905865
0.65,0.8412126061532047,0.02013617491211649,0.503391122478891,0.49660887752110905
0.66,0.8386697416442954,0.019860777897808237,0.5034973817247198,0.4965026182752802
0.67,0.8361348574063231,0.019605847357618125,0.5036032220053597,0.4963967779946403
0.68,0.8336079621444182,0.019369578326946305,0.503708644972731,0.4962913550272689
0.69,0.8310890609960878,0.01915032580338886,0.5038136522722412,0.49618634772775877
0.7,0.8285781558627813,0.018946590570406284,0.5039182455428098,0.49608175445719016
0.71,0.8260752457118344,0.01875700627721684,0.5040224264168944,0.4959775735831056
0.72,0.8235803268514243,0.018580327663606566,0.5041261965205159,0.495873803479484
0.73,0.8210933931809442,0.01841541982820929,0.5042295574732846,0.4957704425267154
0.74,0.8186144364189922,0.01826124844779784,0.5043325108884241,0.4956674891115759
0.75,0.8161434463109616,0.018116870863319173,0.5044350583727979,0.4955649416272021
0.76,0.8136804108180564,0.017981427955872334,0.5045372015269335,0.4954627984730665
0.77,0.8112253162893859,0.01785413674263262,0.5046389419450479,0.4953610580549521
0.78,0.8087781476186452,0.01773428362892691,0.5047402812150723,0.49525971878492764
0.79,0.8063388883867583,0.017621218258317767,0.5048412209186771,0.4951587790813229
0.8,0.8039075209917325,0.017514347907705324,0.5049417626312961,0.4950582373687039
0.81,0.8014570196189387,0.01738810836024109,0.505075856692387,0.494924143307613
0.82,0.7990147173798018,0.017269453122380693,0.5052094217125638,0.49479057828743617
0.83,0.7965805949375233,0.01715771785501725,0.5053424597790499,0.49465754022095004
0.84,0.7941546317517738,0.017052297075138605,0.5054749729708343,0.4945250270291656
0.85,0.7917368062016716,0.016952638941406237,0.5056069633587037,0.49439303664129625
0.86,0.7893270956976887,0.016858240501651748,0.5057384330052748,0.49426156699472523
0.87,0.7869254767834643,0.01676864336137728,0.5058693839650267,0.4941306160349733
0.88,0.7845319252284386,0.016683429735969667,0.505999818284333,0.4940001817156669
0.89,0.7821464161121168,0.01660221885264054,0.506129738001494,0.493870261998506
0.9,0.7797689239007164,0.016524663671114874,0.506259145146768,0.4937408548532321
0.91,0.7773994225168753,0.01645044789483377,0.506388041742403,0.49361195825759696
0.92,0.7750378854030399,0.016379283246938128,0.5065164298026694,0.4934835701973305
0.93,0.7726842855791017,0.016310906987578873,0.5066443113338904,0.49335568866610957
0.94,0.7703385956947923,0.01624507965117668,0.5067716883344734,0.4932283116655266
0.95,0.7680007880773048,0.01618158298414761,0.5068985627949418,0.4931014372050582
0.96,0.7656708347745719,0.01612021806533671,0.5070249366979654,0.49297506330203456
0.97,0.7633487075945854,0.016060803592974533,0.5071508120183924,0.4928491879816076
0.98,0.7610343781411114,0.016003174323404933,0.5072761907232791,0.4927238092767209
0.99,0.7587278178461272,0.015947179648139378,0.5074010747719214,0.4925989252280786
1.0,0.7564289979992654,0.01589268229698367,0.5075254661158852,0.49247453388411483
1.01,0.7541118587109955,0.015816575040156655,0.5076833248965031,0.4923166751034968
1.02,0.7518027382433983,0.01574395059418105,0.5078405601233731,0.49215943987662697
1.03,0.7495016083187094,0.015674506879252068,0.5079971742595777,0.49200282574042226
1.04,0.7472084402243678,0.015607968572709484,0.5081531697584708,0.4918468302415292
1.05,0.7449232048686254,0.015544084738919713,0.5083085490637151,0.4916914509362849
1.06,0.7426458728310708,0.015482626669065622,0.5084633146093205,0.49153668539067946
1.07,0.7403764144085173,0.015423385912256537,0.5086174688196827,0.4913825311803173
1.08,0.7381147996566793,0.015366172481016563,0.5087710141096207,0.49122898589037933
1.09,0.7358609984280048,0.015310813215709328,0.5089239528844147,0.49107604711558533
1.1,0.7336149804060154,0.01525715029382457,0.5090762875398439,0.4909237124601561
1.11,0.731376715136461,0.015205039871298093,0.5092280204622242,0.4907719795377758
1.12,0.7291461720555801,0.015154350844172541,0.5093791540284451,0.49062084597155486
1.13,0.7269233205157198,0.015104963719941767,0.5095296906060074,0.49047030939399255
1.14,0.7247081298085566,0.015056769588865144,0.5096796325530601,0.4903203674469399
1.15,0.7225005691861301,0.015009669186398395,0.5098289822184371,0.4901710177815629
1.16,0.7203006078798865,0.014963572038671366,0.5099777419416947,0.4900222580583054
1.17,0.7181082151179136,0.014918395683657819,0.5101259140531471,0.48987408594685294
1.18,0.7159233601405244,0.014874064961333528,0.5102735008739041,0.48972649912609584
1.19,0.7137460122143403,0.014830511366712651,0.5104205047159072,0.4895794952840929
1.2,0.711576140645013,0.014787672460193399,0.5105669278819647,0.48943307211803533
1.21,0.7093886756876082,0.01472434962793123,0.5107467853814174,0.4892532146185826
1.22,0.7072089507784258,0.014663679074779798,0.5109259311502715,0.4890740688497285
1.23,0.7050369358456207,0.014605431278486422,0.5111043680049816,0.4888956319950184
1.24,0.7028726005436685,0.014549397046598007,0.5112820987508567,0.48871790124914327
1.25,0.7007159142954785,0.014495385715943571,0.511459126182105,0.488540873817895
1.26,0.6985668463306107,0.01444322351154926,0.511635453081877,0.48836454691812303
1.27,0.6964253657199423,0.014392752050870806,0.5118110822223101,0.48818891777768986
1.28,0.6942914414071053,0.014343826980477732,0.511986016364572,0.4880139836354281
1.29,0.6921650422369835,0.014296316733462528,0.5121602582589032,0.4878397417410968
1.3,0.6900461369815314,0.014250101396886084,0.512333810644662,0.48766618935533806
1.31,0.6879346943631602,0.014205071679516863,0.5125066762503654,0.48749332374963456
1.32,0.6858306830759027,0.014161127970983735,0.5126788577937342,0.48732114220626577
1.33,0.6837340718045642,0.01411817948424853,0.512850357981734,0.48714964201826605
1.34,0.6816448292420336,0.014076143474020864,0.5130211795106185,0.4869788204893815
1.35,0.6795629241049261,0.014034944524390964,0.5131913250659719,0.4868086749340281
1.36,0.6774883251477023,0.013994513899551492,0.5133607973227512,0.4866392026772488
1.37,0.6754210011754065,0.013954788952021922,0.5135295989453277,0.48647040105467226
1.38,0.6733609210551434,0.01391571258328375,0.5136977325875297,0.4863022674124703
1.39,0.671308053726412,0.01387723275218545,0.5138652008926834,0.48613479910731666
1.4,0.6692623682103944,0.013839302026887143,0.514032006493655,0.48596799350634495
1.41,0.667199782456633,0.013782389983457806,0.5142322615568928,0.4857677384431072
1.42,0.6651446301197683,0.013727830753450786,0.5144317222753194,0.48556827772468053
1.43,0.6630968807430381,0.01367542046299146,0.5146303917998353,0.4853696082001647
1.44,0.6610565036561189,0.013624973296929667,0.5148282732688416,0.48517172673115844
1.45,0.6590234680124941,0.01357631989964373,0.5150253698082907,0.4849746301917093
1.46,0.6569977428233383,0.01352930591743083,0.5152216845317357,0.48477831546826433
1.47,0.6549792969882265,0.013483790669950434,0.5154172205403789,0.4845827794596212
1.48,0.6529680993229517,0.013439645939296906,0.515611980923121,0.48438801907687895
1.49,0.6509641185847165,0.0133967548662885,0.5158059687566108,0.48419403124338917
1.5,0.6489673234949294,0.013355010944481317,0.5159991871052925,0.4840008128947076
1.51,0.6469776827598263,0.013314317103257197,0.5161916390214545,0.48380836097854546
1.52,0.6449951650891065,0.013274584872099923,0.5163833275452785,0.48361667245472156
1.53,0.6430197392127703,0.013235733618872233,0.516574255704886,0.483425744295114
1.54,0.6410513738963136,0.013197689855542339,0.5167644265163877,0.48323557348361235
1.55,0.6390900379544306,0.013160386605388418,0.5169538429839298,0.48304615701607023
1.56,0.6371357002633589,0.013123762826238231,0.5171425080997425,0.48285749190025756
1.57,0.6351883297719904,0.013087762884782776,0.5173304248441865,0.48266957515581355
1.58,0.6332478955118578,0.013052336077442004,0.5175175961858005,0.4824824038141995
1.59,0.6313143666061,0.013017436193660966,0.5177040250813483,0.4822959749186517
1.6,0.6293877122774987,0.012983021117879565,0.5178897144758646,0.4821102855241354
1.61,0.6274448258139084,0.012931054941485907,0.5181089137069346,0.48189108629306543
1.62,0.6255090542338075,0.012881242745272739,0.5183272408504606,0.48167275914953944
1.63,0.6235803671542324,0.012833397509916095,0.5185446993760562,0.4814553006239438
1.64,0.6216587340182118,0.012787348783010348,0.5187612927395314,0.4812387072604686
1.65,0.6197441241289996,0.012742941212093205,0.5189770243829472,0.4810229756170527
1.66,0.617836506681088,0.012700033207537913,0.5191918977346703,0.4808081022653296
1.67,0.615935850788295,0.0126584957238182,0.5194059162094276,0.48059408379057245
1.68,0.6140421255091848,0.012618211148668622,0.51961908320836,0.48038091679163997
1.69,0.6121552998700639,0.012579072290590205,0.5198314021190777,0.4801685978809223
1.7,0.6102753428857736,0.012540981455996348,0.5200428763157126,0.47995712368428745
1.71,0.6084022235784706,0.012503849608064376,0.5202535091589727,0.4797464908410273
1.72,0.6065359109945867,0.012467595600060293,0.5204633039961957,0.4795366960038043
1.73,0.6046763742201225,0.01243214547654438,0.5206722641614017,0.4793277358385984
1.74,0.6028235823944351,0.012397431836448734,0.5208803929753459,0.47911960702465406
1.75,0.6009775047226465,0.012363393252549575,0.5210876937455725,0.4789123062544275
1.76,0.5991381104868049,0.012329973742342095,0.5212941697664661,0.4787058302335338
1.77,0.5973053690559076,0.012297122285767178,0.521499824319305,0.478500175680695
1.78,0.5954792498948925,0.012264792385642435,0.5217046606723124,0.47829533932768764
1.79,0.5936597225726872,0.0122329416670168,0.5219086820807091,0.47809131791929094
1.8,0.5918467567694042,0.012201531512002798,0.5221118917867648,0.47788810821323524
1.81,0.5900182025630301,0.012153873302671018,0.5223487144818857,0.47765128551811425
1.82,0.5881964394082961,0.012108201439498341,0.5225845915979137,0.47741540840208624
1.83,0.586381437263221,0.012064343095631092,0.5228195269103308,0.4771804730896691
1.84,0.5845731659439605,0.012022140755341236,0.5230535241795446,0.4769464758204554
1.85,0.5827715951563618,0.011981450858307654,0.5232865871509476,0.47671341284905244
1.86,0.5809766945245298,0.011942142563908057,0.5235187195549783,0.4764812804450217
1.87,0.5791884336166793,0.011904096624900194,0.5237499251071804,0.47625007489281956
1.88,0.5774067819685103,0.011867204360811,0.5239802075082622,0.4760197924917377
1.89,0.5756317091043371,0.011831366722208825,0.524209570444156,0.47579042955584405
1.9,0.5738631845561711,0.011796493437814921,0.5244380175860767,0.47556198241392333
1.91,0.5721011778809406,0.011762502237121941,0.524665552590581,0.47533444740941894
1.92,0.5703456586760176,0.011729318141836304,0.5248921790996264,0.4751078209003737
1.93,0.568596596593207,0.011696872820052485,0.5251179007406278,0.4748820992593722
1.94,0.5668539613513331,0.011665103997606468,0.5253427211265176,0.4746572788734824
1.95,0.5651177227475532,0.011633954921547052,0.5255666438558022,0.47443335614419785
1.96,0.5633878506675142,0.011603373871111473,0.5257896725126199,0.4742103274873801
1.97,0.5616643150944548,0.011573313712000299,0.5260118106667985,0.4739881893332015
1.98,0.559947086117353,0.011543731490118546,0.5262330618739122,0.4737669381260878
1.99,0.5582361339382004,0.011514588061289298,0.5264534296753389,0.47354657032466113
2.0,0.5565314288784903,0.011485847753755255,0.526672917598316,0.47332708240168403
2.01,0.5548117545856067,0.011442039971146855,0.5269261624350545,0.4730738375649455
2.02,0.5530985466639877,0.011400069377136153,0.5271783918931237,0.4728216081068764
2.03,0.5513917756119951,0.011359775786246069,0.5274296100436576,0.4725703899563424
2.04,0.5496914118133894,0.011321013205870065,0.5276798209414686,0.47232017905853146
2.05,0.5479974255664715,0.011283648579581584,0.5279290286251099,0.47207097137489
2.06,0.5463097871104442,0.011247560641684938,0.5281772371169435,0.4718227628830564
2.07,0.54462846664925,0.011212638873162817,0.5284244504232032,0.47157554957679687
2.08,0.5429534343731108,0.01117878255004674,0.5286706725340597,0.4713293274659403
2.09,0.5412846604779749,0.011145899876030785,0.5289159074236858,0.4710840925763143
2.1,0.5396221151830645,0.011113907191872566,0.5291601590503194,0.4708398409496805
2.11,0.5379657687466949,0.011082728254785382,0.5294034313563286,0.4705965686436714
2.12,0.5363155914805203,0.011052293581626554,0.529645728268274,0.470354271731726
2.13,0.534671553762349,0.011022539850235403,0.5298870536969732,0.4701129463030268
2.14,0.5330336260476605,0.010993409353773792,0.5301274115375632,0.4698725884624368
2.15,0.5314017788799379,0.01096484950337778,0.5303668056695638,0.4696331943304362
2.16,0.5297759828999291,0.010936812374843981,0.5306052399569398,0.46939476004306024
2.17,0.5281562088539293,0.010909254295452779,0.5308427182481634,0.4691572817518365
2.18,0.5265424276011753,0.010882135467375419,0.531079244376277,0.46892075562372304
2.19,0.5249346101204364,0.010855419624426479,0.5313148221589538,0.46868517784104624
2.2,0.5233327275158688,0.010829073719209817,0.5315494553985607,0.46845054460143937
2.21,0.5217164701679766,0.010788730683061461,0.5318180286556049,0.46818197134439515
2.22,0.5201063571583832,0.010750090559330888,0.5320855199197578,0.46791448008024217
2.23,0.518502359681063,0.010713004558042614,0.5323519335500113,0.4676480664499887
2.24,0.5169044488386041,0.010677337074285333,0.532617273887796,0.467382726112204
2.25,0.5153125956691518,0.010642964520732545,0.5328815452570528,0.4671184547429473
2.26,0.5137267711707658,0.010609774263508011,0.5331447519643022,0.4668552480356978
2.27,0.5121469463234279,0.010577663652250381,0.5334068982987161,0.46659310170128393
2.28,0.5105730921089117,0.010546539136040187,0.5336679885321858,0.4663320114678142
2.29,0.5090051795287054,0.010516315457590325,0.5339280269193931,0.46607197308060694
2.3,0.5074431796201705,0.010486914918773271,0.534187017697879,0.465812982302121
2.31,0.5058870634710886,0.010458266711171291,0.5344449650881128,0.4655550349118872
2.32,0.5043368022327493,0.010430306305894563,0.5347018732935609,0.46529812670643905
2.33,0.5027923671317065,0.010402974897421303,0.5349577465007553,0.4650422534992446
2.34,0.5012537294803284,0.010376218896678351,0.5352125888793622,0.4647874111206378
2.35,0.49972086068624827,0.01034998946900357,0.535466404582249,0.464533595417751
2.36,0.49819373226081876,0.010324242113017372,0.5357191977455529,0.46428080225444707
2.37,0.4966723158266557,0.01029893627678202,0.535970972488748,0.46402902751125197
2.38,0.4951565831243628,0.010274035007948051,0.5362217329147123,0.46377826708528763
2.39,0.49364650601850363,0.010249504634879048,0.5364714831097949,0.46352851689020513
2.4,0.49214205650289655,0.0102253144760125,0.5367202271438818,0.46327977285611815
2.41,0.49062380211524453,0.0101880992049202,0.53700313225798,0.46299686774202
2.42,0.4891113754794689,0.01015246550604473,0.5372848914888944,0.4627151085111056
2.43,0.48760474860427133,0.01011827490038275,0.5375655094779277,0.46243449052207225
2.44,0.48610389342667076,0.010085401182305513,0.5378449908475835,0.4621550091524165
2.45,0.4846087818369422,0.010053729332752037,0.5381233402016421,0.46187665979835785
2.46,0.48311938570114876,0.01002315452862932,0.5384005621252368,0.46159943787476315
2.47,0.48163567688148373,0.009993581239905335,0.5386766611849292,0.4613233388150708
2.48,0.4801576272546221,0.009964922406633726,0.5389516419287842,0.4610483580712158
2.49,0.47868520872826015,0.009937098688835973,0.5392255088864453,0.4607744911135547
2.5,0.4772183932560091,0.009910037782792654,0.5394982665692092,0.46050173343079076
2.51,0.4757571528507939,0.009883673797865963,0.5397699194700998,0.4602300805299002
2.52,0.47430145959688813,0.009857946688495857,0.5400404720639423,0.45995952793605765
2.53,0.47285128566071577,0.009832801736486194,0.5403099288074373,0.45969007119256267
2.54,0.4714066033005264,0.009808189079129427,0.5405782941392338,0.45942170586076625
2.55,0.4699673848750508,0.009784063279112331,0.5408455724800021,0.4591544275199979
2.56,0.4685336028512269,0.0097603829325043,0.5411117682325074,0.4588882317674926
2.57,0.46710522981108493,0.009737110311457067,0.5413768857816816,0.45862311421831836
2.58,0.46568223845786355,0.009714211038543025,0.541640929494696,0.45835907050530394
2.59,0.46426460162143457,0.00969165378993133,0.5419039037210329,0.458096096278967
2.6,0.46285229226309277,0.009669410024848737,0.5421658127925575,0.45783418720744246
2.61,0.46142672350922537,0.009635025423313414,0.5424621410863313,0.45753785891366866
2.62,0.4600066735777196,0.009602112489960245,0.5427572619078276,0.4572427380921724
2.63,0.45859211538021505,0.009570542095923899,0.5430511801772288,0.45694881982277125
2.64,0.45718302177331416,0.009540196559154486,0.5433439007946689,0.4566560992053311
2.65,0.45577936558169685,0.009510968630724866,0.5436354286403149,0.4563645713596851
2.66,0.45438111961898764,0.00948276057087829,0.5439257685744481,0.456074231425552
2.67,0.4529882567065836,0.00945548330687401,0.5442149254375451,0.4557850745624549
2.68,0.45160074969062336,0.009429055665391175,0.5445029040503591,0.455497095949641
2.69,0.4502185714572704,0.009403403672892,0.544789709213999,0.4552102907860009
2.7,0.44884169494646,0.00937845991792897,0.5450753457100115,0.4549246542899886
2.71,0.4474700931642549,0.009354162969913253,0.545359818300458,0.454640181699542
2.72,0.4461037391939294,0.009330456849346585,0.5456431317279967,0.4543568682720033
2.73,0.44474260620590517,0.00930729054496116,0.5459252907159602,0.45407470928403987
2.74,0.4433866674666375,0.009284617573615164,0.5462062999684343,0.45379370003156566
2.75,0.44203589634655355,0.0092623955791592,0.5464861641703371,0.4535138358296628
2.76,0.44069026632712427,0.00924058596682354,0.5467648879874965,0.4532351120125035
2.77,0.43934975100715307,0.00921915356998178,0.5470424760667281,0.4529575239332719
2.78,0.43801432410835256,0.009198066346424488,0.547318933035913,0.4526810669640871
2.79,0.43668395948027316,0.009177295101530345,0.547594263504074,0.4524057364959259
2.8,0.4353586311046449,0.009156813235953383,0.5478684720614544,0.45213152793854555
2.81,0.434020564770431,0.009124996350026797,0.5481773944988262,0.45182260550117376
2.82,0.43268771768913067,0.009094551392928982,0.5484850497862521,0.4515149502137478
2.83,0.431360063737174,0.009065357730045118,0.5487914431213767,0.4512085568786232
2.84,0.43003757674995385,0.00903730542283018,0.5490965796805245,0.45090342031947545
2.85,0.42872023054327413,0.009010294281502412,0.5494004646187876,0.45059953538121245
2.86,0.42740799893270315,0.008984233001607594,0.5497031030701125,0.45029689692988745
2.87,0.42610085575101997,0.008959038377030517,0.5500045001473877,0.4499954998526124
2.88,0.42479877486393014,0.008934634582687196,0.5503046609425286,0.4496953390574714
2.89,0.42350173018420345,0.008910952520729864,0.5506035905265652,0.44939640947343484
2.9,0.4222096956843838,0.008887929224642807,0.5509012939497264,0.4490987060502735
2.91,0.42092264540819546,0.008865507316104379,0.5511977762415263,0.4488022237584737
2.92,0.4196405534807692,0.008843634509944303,0.5514930424108484,0.44850695758915166
2.93,0.4183633941177925,0.008822263162938458,0.5517870974460306,0.4482129025539694
2.94,0.41709114163368594,0.0088013498625604,0.5520799463149497,0.4479200536850502
2.95,0.41582377044889174,0.00878085505215212,0.5523715939651048,0.4476284060348951
2.96,0.41456125509635866,0.008760742689289877,0.5526620453237014,0.44733795467629855
2.97,0.4133035702272949,0.008740979934405977,0.5529513052977342,0.4470486947022658
2.98,0.4120506906162588,0.008721536866987865,0.5532393787740701,0.44676062122592985
2.99,0.4108025911656453,0.008702386226912724,0.5535262706195313,0.4464737293804687
3.0,0.4095592469096289,0.008683503178692037,0.5538119856809767,0.44618801431902333
3.01,0.40830366255062717,0.0086540206098333,0.5541327455265516,0.44586725447344844
3.02,0.40705300850410614,0.008625819294045198,0.5544521800940145,0.4455478199059854
3.03,0.4058072596508963,0.008598786326133083,0.5547702948589952,0.44522970514100474
3.04,0.4045663908425079,0.008572818813959852,0.5550870952744995,0.4449129047255005
3.05,0.40333037692106233,0.008547822991517413,0.5554025867710031,0.4445974132289969
3.06,0.40209919273726374,0.008523713410532237,0.555716774756545,0.4442832252434549
3.07,0.4008728131665907,0.008500412203653199,0.5560296646168198,0.4439703353831802
3.08,0.39965121312386787,0.008477848412885059,0.5563412617152699,0.4436587382847302
3.09,0.3984343675763676,0.008455957377491755,0.5566515713931777,0.44334842860682233
3.1,0.39722225155557295,0.008434680176104697,0.5569605989697575,0.4430394010302426
3.11,0.3960148401677285,0.008413963118237396,0.5572683497422457,0.44273165025775435
3.12,0.39481210860328414,0.008393757280832258,0.5575748289859926,0.44242517101400736
3.13,0.39361403214533897,0.008374018085852652,0.5578800419545525,0.44211995804544746
3.14,0.39242058617717324,0.008354704915286152,0.5581839938797735,0.4418160061202266
3.15,0.3912317461889536,0.008335780760246582,0.558486689971887,0.44151331002811306
3.16,0.3900474877836869,0.00831721190115563,0.558788135419598,0.44121186458040196
3.17,0.3888677866824936,0.008298967616252055,0.5590883353901732,0.4409116646098268
3.18,0.38769261872926114,0.008281019915920165,0.5593872950295297,0.44061270497047034
3.19,0.3865219598947365,0.008263343300551214,0.5596850194623232,0.4403149805376768
3.2,0.38535578628010975,0.00824591453985383,0.5599815137920362,0.4400184862079638
3.21,0.3841778473740829,0.008218558600245604,0.5603134200675071,0.43968657993249294
3.22,0.38300456137030336,0.008192401341937423,0.5606439441475417,0.4393560558524583
3.23,0.38183590417506064,0.008167336903836147,0.5609730917881752,0.4390269082118247
3.24,0.3806718516750849,0.008143268815575144,0.5613008687214727,0.43869913127852733
3.25,0.37951237975609564,0.008120109165583098,0.5616272806556277,0.4383727193443722
3.26,0.37835746431951384,0.008097777842827381,0.5619523332750636,0.4380476667249365
3.27,0.37720708129751007,0.008076201845709506,0.5622760322405302,0.4377239677594698
3.28,0.37606120666653675,0.008055314652167453,0.5625983831892045,0.4374016168107954
3.29,0.3749198164594853,0.008035055645565824,0.562919391734788,0.437080608265212
3.3,0.3737828867765932,0.008015369591434405,0.5632390634676037,0.4367609365323963
3.31,0.3726503937952137,0.007996206160552966,0.5635574039546949,0.43644259604530516
3.32,0.37152231377855616,0.007977519494278539,0.5638744187399207,0.4361255812600792
3.33,0.3703986230834865,0.007959267808374778,0.5641901133440543,0.4358098866559457
3.34,0.369279298167479,0.007941413031933972,0.5645044932648771,0.435495506735123
3.35,0.3681643155947945,0.007923920478284226,0.5648175639772758,0.4351824360227242
3.36,0.3670536520419566,0.007906758545049332,0.5651293309333376,0.43487066906666233
3.37,0.3659472843025927,0.007889898440779582,0.565439799562445,0.434560200437555
3.38,0.3648451892916964,0.00787331393580047,0.5657489752713697,0.4342510247286303
3.39,0.36374734404936615,0.007856981135134378,0.5660568634443681,0.4339431365556319
3.4,0.3626537257440691,0.007840878271540378,0.5663634694432738,0.4336365305567262
3.41,0.3615487945113098,0.007815463720450829,0.5667058910882374,0.4332941089117626
3.42,0.36044825089401855,0.007791172543686502,0.5670468745117214,0.4329531254882786
3.43,0.3593520718297286,0.007767905308593919,0.5673864257544687,0.4326135742455313
3.44,0.3582602342445088,0.0077455714054209205,0.5677245508318497,0.4322754491681503
3.45,0.3571727150702463,0.007724088265551387,0.5680612557339697,0.4319387442660303
3.46,0.35608949126021383,0.007703380648983266,0.5683965464257745,0.4316034535742255
3.47,0.3550105398030743,0.007683379994918729,0.5687304288471562,0.4312695711528438
3.48,0.35393583773546755,0.0076640238298781565,0.5690629089130586,0.4309370910869414
3.49,0.3528653621533087,0.007645255228244132,0.5693939925135819,0.4306060074864181
3.5,0.3517990902219162,0.007627022320592675,0.5697236855140868,0.4302763144859132
3.51,0.3507369991850754,0.007609277845579876,0.5700519937552988,0.4299480062447012
3.52,0.3496790663731369,0.00759197874152673,0.5703789230534115,0.42962107694658846
3.53,0.3486252692102389,0.007575085774186424,0.5707044792001896,0.4292955207998104
3.54,0.34757558522073223,0.007558563197489662,0.5710286679630713,0.4289713320369287
3.55,0.34652999203488194,0.007542378444347215,0.571351495085271,0.42864850491472895
3.56,0.34548846739391526,0.007526501844847545,0.5716729662858808,0.4283270337141192
3.57,0.34445098915447225,0.007510906369423094,0.5719930872599714,0.42800691274002856
3.58,0.34341753529251734,0.007495567394773555,0.5723118636786938,0.4276881363213062
3.59,0.34238808390676134,0.007480462490530438,0.5726293011893789,0.42737069881062106
3.6,0.34136261322163863,0.0074655712248255755,0.5729454054156384,0.42705459458436157
3.61,0.34032626016402157,0.007441932483697711,0.5732977660725053,0.42670223392749473
3.62,0.3392940418970434,0.007419348338815079,0.5736486330688467,0.4263513669311533
3.63,0.3382659363828664,0.00739772523147891,0.5739980127363055,0.42600198726369454
3.64,0.33724192157886546,0.0073769779071512775,0.5743459113796843,0.4256540886203157
3.65,0.3362219754537587,0.007357028679506102,0.5746923352770599,0.4253076647229401
3.66,0.33520607600212743,0.007337806759677536,0.5750372906798958,0.42496270932010416
3.67,0.33419420125747124,0.007319247644931922,0.5753807838131562,0.4246192161868439
3.68,0.3331863293039334,0.0073012925615005535,0.5757228208754167,0.4242771791245833
3.69,0.3321824382868176,0.007283887956776525,0.5760634080389779,0.4239365919610221
3.7,0.33118250642200736,0.007266985036503516,0.5764025514499755,0.4235974485500244
3.71,0.330186512004389,0.007250539342971513,0.5767402572284919,0.42325974277150813
3.72,0.3291944334153683,0.007234510370587351,0.5770765314686661,0.42292346853133383
3.73,0.32820624912956714,0.007218861215509437,0.5774113802388043,0.42258861976119566
3.74,0.3272219377207725,0.007203558256329287,0.577744809581489,0.422255190418511
3.75,0.32624147786721,0.007188570863049642,0.5780768255136879,0.4219231744863121
3.76,0.32526484835620173,0.007173871131852449,0.578407434026863,0.421592565973137
3.77,0.32429202808826807,0.007159433643372041,0.5787366410870783,0.42126335891292166
3.78,0.3233229960807232,0.007145235242391114,0.5790644526351076,0.4209355473648923
3.79,0.3223577314708128,0.007131254837061563,0.5793908745865419,0.4206091254134581
3.8,0.32139621351843667,0.007117473215920308,0.5797159128318955,0.4202840871681045
3.81,0.32042422260655934,0.0070954619832560755,0.5800776861851693,0.41992231381483064
3.82,0.31945612625284797,0.007074442450751839,0.5804379107333009,0.4195620892666991
3.83,0.3184919034275646,0.007054326433025567,0.5807965931069536,0.41920340689304636
3.84,0.3175315331016652,0.007035033574430895,0.5811537399084042,0.41884626009159576
3.85,0.31657499426187685,0.007016490654998262,0.581509357711664,0.418490642288336
3.86,0.3156222659242628,0.006998630957875386,0.5818634530625999,0.4181365469374001
3.87,0.3146733271464115,0.006981393692819653,0.5822160324790552,0.4177839675209448
3.88,0.3137281570383766,0.006964723470777311,0.5825671024509692,0.4174328975490308
3.89,0.31278673477248253,0.006948569825024066,0.5829166694404969,0.4170833305595031
3.9,0.3118490395920999,0.006932886774742349,0.5832647398821278,0.41673526011787215
3.91,0.3109150508194842,0.006917632427275827,0.5836113201828044,0.41638867981719563
3.92,0.3099847478627668,0.006902768615634651,0.5839564167220401,0.41604358327795987
3.93,0.3090581102221734,0.006888260568128344,0.5843000358520368,0.4156999641479632
3.94,0.3081351174955432,0.006874076607279923,0.5846421838978016,0.41535781610219835
3.95,0.30721574938321367,0.00686018787542681,0.5849828671572632,0.4150171328427367
3.96,0.306299985692328,0.0068465680846440365,0.5853220919013882,0.41467790809861177
3.97,0.30538780634062146,0.006833193288834525,0.5856598643742961,0.414340135625704
3.98,0.30447919135973334,0.006820041676022244,0.5859961907933742,0.41400380920662583
3.99,0.3035741208980891,0.0068070933790579605,0.5863310773493926,0.41366892265060745
4.0,0.30267257522339447,0.006794330303105946,0.5866645302066176,0.41333546979338237
4.01,0.30176094554382227,0.0067738135052869426,0.5870352358159754,0.4129647641840246
4.02,0.300852982745118,0.006754230823619838,0.5874043374857814,0.41259566251421864
4.03,0.299948666781334,0.006735498992887994,0.5877718421558337,0.41222815784416633
4.04,0.2990479776116908,0.006717542143296395,0.5881377567359038,0.41186224326409615
4.05,0.29815089521469346,0.006700291144749888,0.5885020881058667,0.41149791189413326
4.06,0.2972573996008235,0.006683683009247419,0.5888648431158301,0.41113515688416996
4.07,0.29636747082393844,0.00666766034624335,0.5892260285862627,0.4107739714137372
4.08,0.2954810889914956,0.006652170866283004,0.5895856513081237,0.41041434869187626
4.09,0.2945982342737094,0.006637166928635191,0.5899437180429892,0.41005628195701077
4.1,0.29371888691174,0.006622605129023308,0.59030023552318,0.40969976447682
4.11,0.29284302722500266,0.0066084459239019264,0.5906552104518882,0.4093447895481118
4.12,0.2919706356176789,0.006594653288040433,0.5910086495033026,0.40899135049669744
4.13,0.29110169258450214,0.006581194402462215,0.5913605593227351,0.40863944067726493
4.14,0.29023617871588747,0.006568039370049308,0.5917109465267449,0.40828905347325506
4.15,0.28937407470246335,0.006555160956360726,0.5920598177032637,0.4079401822967364
4.16,0.2885153613390646,0.006542534353429902,0.5924071794117182,0.40759282058828183
4.17,0.2876600195282315,0.006530136964504615,0.5927530381831552,0.4072469618168449
4.18,0.2868080302832685,0.006517948207873276,0.5930974005203626,0.40690259947963736
4.19,0.2859593747308956,0.006505949338085791,0.5934402728979936,0.4065597271020064
4.2,0.28511403411353836,0.006494123283027232,0.5937816617626865,0.4062183382373135
4.21,0.28425897867794875,0.006474981308738762,0.5941608613372402,0.4058391386627598
4.22,0.2834073748311378,0.006456720675586948,0.5945384015689226,0.4054615984310775
4.23,0.2825592034806659,0.006439262627315784,0.5949142897188671,0.405085710281133
4.24,0.28171444554289454,0.006422535405176043,0.5952885330164331,0.40471146698356686
4.25,0.2808730819562233,0.006406473627316814,0.5956611386593454,0.40433886134065455
4.26,0.2800350936929853,0.006391017723195136,0.5960321138138318,0.4039678861861682
4.27,0.2792004617701245,0.006376113418128149,0.5964014656147615,0.4035985343852385
4.28,0.27836916725876715,0.006361711263544023,0.5967692011657819,0.40323079883421803
4.29,0.2775411912927876,0.006347766208881664,0.597135327539456,0.40286467246054397
4.3,0.27671651507646355,0.0063342372114479056,0.5974998517773973,0.40250014822260266
4.31,0.27589511989130133,0.0063210868808680045,0.5978627808904065,0.40213721910959355
4.32,0.27507698710211237,0.006308281155063201,0.598224121858605,0.40177587814139504
4.33,0.2742620981624064,0.006295789004960927,0.5985838816315702,0.40141611836842983
4.34,0.2734504346191654,0.006283582165390659,0.5989420671284688,0.40105793287153124
4.35,0.2726419781170592,0.006271634889844279,0.5992986852381897,0.40070131476181026
4.36,0.27183671040214896,0.006259923726985329,0.5996537428194768,0.4003462571805232
4.37,0.27103461332513246,0.006248427316979146,0.6000072467010606,0.39999275329893935
4.38,0.2702356688441695,0.006237126205886603,0.60035920368179,0.39964079631821003
4.39,0.26943985902732925,0.006226002676520009,0.6007096205307623,0.3992903794692378
4.4,0.26864716605469485,0.006215040594301607,0.6010585039874541,0.3989414960125459
4.41,0.26784510837141756,0.006197165769431997,0.6014457980555096,0.3985542019444904
4.42,0.267046299096906,0.006180123874829015,0.601831376831268,0.398168623168732
4.43,0.26625072005749445,0.006163840289094949,0.6022152479116123,0.39778475208838776
4.44,0.26545835309125,0.006148247023541631,0.6025974188597794,0.3974025811402207
4.45,0.26466918006040563,0.0061332821337622655,0.602977897205509,0.397022102794491
4.46,0.2638831828625273,0.006118889183383206,0.6033566904451928,0.39664330955480714
4.47,0.2631003434405324,0.006105016755370346,0.6037338060420214,0.3962661939579786
4.48,0.26232064379166475,0.00609161800667468,0.6041092514261313,0.39589074857386874
4.49,0.2615440659755216,0.006078650262375041,0.6044830339947518,0.39551696600524827
4.5,0.2607705921212211,0.006066074645816511,0.6048551611123503,0.3951448388876497
4.51,0.260000204433789,0.006053855741553314,0.6052256401107781,0.39477435988922194
4.52,0.25923288519983806,0.006041961288187735,0.6055944782894138,0.39440552171058624
4.53,0.2584686167926034,0.006030361898454433,0.6059616829153079,0.39403831708469206
4.54,0.25770738167639673,0.006019030804134389,0.6063272612233259,0.39367273877667414
4.55,0.2569491624105309,0.006007943623596861,0.6066912204162903,0.3933087795837097
4.56,0.25619394165276527,0.005997078149962846,0.6070535676651234,0.3929464323348765
4.57,0.2554417021623179,0.005986414158061414,0.6074143101089878,0.39258568989101217
4.58,0.2546924268024831,0.005975933228512353,0.6077734548554274,0.39222654514457256
4.59,0.25394609854289313,0.005965618587416308,0.6081310089805074,0.3918689910194926
4.6,0.25320270046145704,0.005955454960268232,0.6084869795289538,0.3915130204710462
4.61,0.25245026937841103,0.005938750227606839,0.6088820044636605,0.3911179955363396
4.62,0.25170089528488104,0.005922833984577054,0.6092752573320794,0.39072474266792057
4.63,0.2509545608880518,0.005907635403386667,0.6096667460836303,0.3903332539163697
4.64,0.25021124890919216,0.005893089954369545,0.6100564786320718,0.3899435213679282
4.65,0.2494709420953525,0.005879138847061911,0.610444462855662,0.38955553714433805
4.66,0.24873362322986683,0.005865728520857376,0.610830706597317,0.389169293402683
4.67,0.2479992751417678,0.005852810180844675,0.6112152176647703,0.3887847823352297
4.68,0.24726788071421751,0.0058403393748217595,0.6115980038307303,0.38840199616926974
4.69,0.24653942289204245,0.005828275607834915,0.6119790728330368,0.3880209271669633
4.7,0.2458138846884565,0.005816581990915277,0.6123584323748184,0.3876415676251817
4.71,0.2450912491910476,0.0058052249209800426,0.6127360901246475,0.3872639098753526
4.72,0.24437149956709459,0.005794173789134515,0.6131120537166959,0.38688794628330414
4.73,0.24365461906827887,0.005783400714856154,0.6134863307508885,0.38651366924911146
4.74,0.24294059103484547,0.00577288030376506,0.6138589287930575,0.3861410712069425
4.75,0.24222939889926548,0.005762589426888886,0.6142298553750949,0.3857701446249051
4.76,0.24152102618944649,0.0057525070195155684,0.6145991179951049,0.38540088200489514
4.77,0.24081545653153333,0.0057426138978964435,0.6149667241175556,0.38503327588244435
4.78,0.24011267365233843,0.005732892592216214,0.6153326811734299,0.3846673188265701
4.79,0.23941266138143516,0.005723327194386765,0.6156969965603752,0.38430300343962476
4.8,0.23871540365294805,0.005713903219349721,0.6160596776428539,0.38394032235714615
4.81,0.23800942689951768,0.005698280993483763,0.6164621030095121,0.3835378969904879
4.82,0.23730632706851323,0.0056834064376679126,0.6168626984283494,0.3831373015716506
4.83,0.23660608770789682,0.005669212205562267,0.6172614722206828,0.3827385277793172
4.84,0.235908692381588,0.005655636942012489,0.6176584326699897,0.38234156733001035
4.85,0.23521412468048905,0.005642624751182266,0.6180535880220801,0.3819464119779199
4.86,0.23452236823237718,0.005630124711880029,0.618446946485268,0.38155305351473207
4.87,0.23383340671077002,0.005618090435894176,0.6188385162305414,0.38116148376945863
4.88,0.23314722384285763,0.005606479665521887,0.6192283053917327,0.38077169460826726
4.89,0.23246380341658807,0.005595253906815028,0.6196163220656874,0.38038367793431255
4.9,0.23178312928698536,0.005584378095374768,0.620002574312432,0.379997425687568
4.91,0.2311051853817702,0.005573820291807539,0.6203870701553418,0.3796129298446583
4.92,0.23042995570634764,0.005563551404210907,0.6207698175813071,0.3792301824186929
4.93,0.22975742434822263,0.005553544935291377,0.6211508245409001,0.37884917545909996
4.94,0.22908757548089523,0.005543776751928704,0.6215300989485387,0.3784699010514613
4.95,0.22842039336728423,0.0055342248751951385,0.6219076486826521,0.37809235131734786
4.96,0.2277558623627241,0.00552486928901467,0.6222834815858436,0.3777165184141564
4.97,0.2270939669175749,0.005515691765808268,0.6226576054650541,0.3773423945349459
4.98,0.22643469157948184,0.005506675707617844,0.6230300280917238,0.37696997190827625
4.99,0.22577802099531763,0.005497806001335356,0.6234007572019539,0.37659924279804613
5.0,0.2251239399128373,0.005489068886785256,0.6237698004966673,0.3762301995033327
5.01,0.22446143669658467,0.00547445005958314,0.6241793266922434,0.3758206733077566
5.02,0.22380164123925145,0.005460541394164111,0.6245869636600297,0.37541303633997025
5.03,0.22314453788819777,0.005447278739264538,0.6249927201154191,0.3750072798845809
5.04,0.2224901110082254,0.0054346036532332345,0.6253966047335984,0.3746033952664017
5.05,0.22183834499198662,0.005422462896972895,0.6257986261497339,0.3742013738502661
5.06,0.22118922426931947,0.0054108079718904935,0.6261987929591566,0.3738012070408434
5.07,0.22054273331560934,0.005399594698863228,0.626597113717545,0.37340288628245494
5.08,0.21989885665926634,0.005388782834580745,0.6269935969411088,0.3730064030588912
5.09,0.2192575788883996,0.005378335721947137,0.6273882511067705,0.3726117488932295
5.1,0.21861888465676535,0.005368219971520362,0.6277810846523468,0.3722189153476531
5.11,0.21798275868905276,0.005358405171234788,0.6281721059767296,0.3718278940232705
5.12,0.21734918578557308,0.005348863621896891,0.628561323440064,0.37143867655993607
5.13,0.21671815082640392,0.00533957009616676,0.6289487453639288,0.37105125463607125
5.14,0.21608963877504217,0.005330501618940971,0.6293343800315134,0.3706656199684865
5.15,0.2154636346816112,0.005321637267237328,0.6297182356877955,0.37028176431220455
5.16,0.2148401236856631,0.005312957987850468,0.6301003205397164,0.3698996794602836
5.17,0.21421909101861536,0.0053044464312008875,0.6304806427563574,0.36951935724364254
5.18,0.2136005220058552,0.005296086799939956,0.6308592104691146,0.3691407895308853
5.19,0.21298440206854558,0.005287864711000932,0.6312360317718718,0.3687639682281282
5.2,0.21237071672515806,0.005279767069902381,0.631611114721174,0.36838888527882596
5.21,0.2117488896769212,0.005266080146093258,0.6320274708808798,0.36797252911912015
5.22,0.211129611653357,0.0052530689123172995,0.6324418768319671,0.3675581231680329
5.23,0.21051286775921596,0.005240672148828932,0.632854341709196,0.36714565829080403
5.24,0.2098986431178591,0.005228834087276547,0.6332648746045393,0.36673512539546077
5.25,0.20928692288110234,0.0052175039263836435,0.6336734845673834,0.36632651543261663
5.26,0.20867769223804233,0.005206635390636865,0.6340801806047274,0.3659198193952726
5.27,0.20807093642295713,0.005196186328163775,0.6344849716813816,0.3655150283186184
5.28,0.20746664072236692,0.0051861183443218115,0.6348878667201654,0.36511213327983466
5.29,0.20686479048133377,0.005176396467828562,0.6352888746021033,0.3647111253978967
5.3,0.20626537110907042,0.0051669888465446165,0.6356880041666217,0.3643119958333782
5.31,0.20566836808392172,0.005157866470276662,0.6360852642117432,0.36391473578825684
5.32,0.20507376695777926,0.005149002918202019,0.63648066349428,0.36351933650572
5.33,0.20448155335997972,0.005140374128728657,0.636874210730028,0.36312578926997197
5.34,0.20389171300073677,0.005131958189798731,0.6372659145939581,0.36273408540604185
5.35,0.20330423167415015,0.005123735147820478,0.6376557837204079,0.3623442162795921
5.36,0.20271909526083134,0.005115686833574336,0.6380438267032718,0.3619561732967283
5.37,0.20213628973018224,0.005107796703586017,0.6384300520961901,0.3615699479038099
5.38,0.20155580114235983,0.005100049695593039,0.6388144684127386,0.36118553158726147
5.39,0.20097761564995625,0.005092432096853079,0.639197084126615,0.36080291587338503
5.4,0.20040171949942268,0.00508493142415372,0.6395779076718267,0.36042209232817335
5.41,0.1998179462065888,0.0050721117699462975,0.6400008498215557,0.3599991501784443
5.42,0.19923657314494822,0.005059936126857508,0.6404217787630964,0.3595782212369036
5.43,0.1986575861345395,0.005048345963266883,0.6408407040793368,0.3591592959206632
5.44,0.19808097101492766,0.005037287962307232,0.6412576353075501,0.35874236469244986
5.45,0.1975067136545332,0.0050267135583729585,0.6416725819396122,0.3583274180603878
5.46,0.19693479995899058,0.0050165785148026795,0.6420855534222172,0.3579144465777828
5.47,0.19636521587862749,0.005006842539080259,0.6424965591570934,0.35750344084290664
5.48,0.1957979474151457,0.0049974689322227085,0.6429056085012164,0.3570943914987837
5.49,0.19523298062757674,0.004988424269319215,0.6433127107670225,0.3566872892329776
5.5,0.19467030163758126,0.0049796781084548965,0.6437178752226209,0.3562821247773791
5.51,0.19410989663415226,0.004971202725498466,0.6441211110920047,0.3558788889079953
5.52,0.1935517518777794,0.004962972872456772,0.6445224275552603,0.3554775724447397
5.53,0.1929958537041217,0.004954965557303006,0.6449218337487771,0.3550781662512229
5.54,0.1924421885272389,0.004947159843371304,0.645319338765455,0.35468066123454495
5.55,0.1918907428424192,0.004939536666579672,0.6457149516549119,0.3542850483450881
5.56,0.19134150322864416,0.004932078668897573,0.6461086814236892,0.3538913185763109
5.57,0.19079445635072342,0.004924770046615044,0.6465005370354571,0.353499462964543
5.58,0.19024958896113206,0.004917596412098426,0.6468905274112187,0.35310947258878134
5.59,0.189706887901577,0.004910544667834469,0.6472786614295132,0.3527213385704869
5.6,0.1891663401043206,0.004903602891671024,0.6476649479266177,0.35233505207338234
5.61,0.18861816442610863,0.004891592082241674,0.6480942573636801,0.35190574263631996
5.62,0.18807224963304595,0.004880196182045165,0.6485214882365706,0.35147851176342937
5.63,0.1875285822186735,0.00486935912196354,0.6489466506089607,0.35105334939103927
5.64,0.18698714869677588,0.0048590298310054,0.6493697544957968,0.35063024550420324
5.65,0.18644793561023804,0.004849161791866665,0.6497908098635364,0.35020919013646357
5.66,0.18591092953897762,0.004839712635990414,0.6502098266303832,0.3497901733696168
5.67,0.1853761171070384,0.00483064377461714,0.6506268146665203,0.3493731853334797
5.68,0.18484348498892272,0.004821920062628307,0.651041783794343,0.3489582162056571
5.69,0.1843130199152335,0.004813509492269926,0.65145474378869,0.3485452562113101
5.7,0.18378470867769106,0.004805382914101535,0.6518657043770734,0.34813429562292664
5.71,0.1832585381335815,0.004797513782751718,0.6522746752399087,0.3477253247600914
5.72,0.18273449520969154,0.004789877925276037,0.6526816660107417,0.3473183339892582
5.73,0.1822125669057767,0.004782453330109044,0.6530866862764766,0.34691331372352335
5.74,0.18169274029760793,0.004775219954780375,0.6534897455776006,0.34651025442239936
5.75,0.18117500253963498,0.004768159550727431,0.6538908534084096,0.34610914659159037
5.76,0.1806593408673038,0.004761255503685305,0.6542900192172313,0.3457099807827687
5.77,0.18014574259906055,0.004754492688269538,0.654687252406648,0.34531274759335195
5.78,0.17963419513807208,0.004747857335490249,0.6550825623337182,0.3449174376662818
5.79,0.1791246859736897,0.004741336912048285,0.6554759583101966,0.3445240416898035
5.8,0.17861720268268105,0.004734920010366087,0.6558674496027537,0.3441325503972464
5.81,0.17810232600227818,0.004723665264502805,0.6563029314908209,0.3436970685091791
5.82,0.17758957981767956,0.004712998712357622,0.6567362667399848,0.3432637332600153
5.83,0.17707895125476786,0.004702866537281513,0.6571674659317609,0.3428325340682391
5.84,0.17657042746023263,0.004693219722769712,0.6575965395955056,0.34240346040449443
5.85,0.17606399560999592,0.004684013625420664,0.6580234982086721,0.3419765017913278
5.86,0.1755596429167546,0.004675207585865545,0.6584483521970672,0.34155164780293285
5.87,0.17505735663672153,0.004666764574293988,0.6588711119351044,0.3411288880648956
5.88,0.17455712407563917,0.004658650867501358,0.6592917877460589,0.34070821225394105
5.89,0.17405893259413513,0.004650835754656038,0.6597103899023189,0.34028961009768116
5.9,0.17356276961247985,0.0046432912692340135,0.6601269286256363,0.33987307137436373
5.91,0.17306862261480294,0.004635991944794817,0.6605414140873764,0.3394585859126236
5.92,0.1725764791528183,0.00462891459247956,0.6609538564087666,0.3390461435912334
5.93,0.17208632684910471,0.004622038098299974,0.6613642656611433,0.33863573433885674
5.94,0.17159815339998388,0.004615343238459085,0.6617726518661977,0.33822734813380223
5.95,0.17111194657803389,0.004608812511100339,0.6621790249962207,0.3378209750037792
5.96,0.17062769423427138,0.004602429983024526,0.6625833949743467,0.33741660502565335
5.97,0.1701453843000368,0.004596181150043651,0.6629857716747949,0.3370142283252051
5.98,0.16966500478860755,0.0045900528097591094,0.6633861649231116,0.33661383507688836
5.99,0.1691865437965683,0.004584032945659383,0.6637845844964096,0.3362154155035903
6.0,0.16870998950495916,0.004578110621530547,0.6641810401236071,0.3358189598763929
6.01,0.16822626204052887,0.004567564313841901,0.6646225222911507,0.3353774777088493
6.02,0.1677445431569694,0.004557581702952611,0.6650617866337651,0.3349382133662348
6.03,0.167264820572189,0.004548111028230107,0.6654988442928914,0.3345011557071086
6.04,0.16678708202535197,0.004539105148657706,0.6659337063539998,0.3340662936460001
6.05,0.16631131528491003,0.004530521131641979,0.6663663838468727,0.3336336161531273
6.06,0.16583750815578807,0.0045223198783997335,0.6667968877458825,0.33320311225411753
6.07,0.1653656484858031,0.004514465782672387,0.6672252289702716,0.33277477102972847
6.08,0.16489572417138817,0.004506926419804369,0.667651418384428,0.33234858161557207
6.09,0.16442772316268467,0.0044996722634856245,0.6680754667981619,0.3319245332018382
6.1,0.1639616334680641,0.004492676427698179,0.6684973849669791,0.33150261503302086
6.11,0.16349744315813142,0.004485914431625361,0.6689171835923549,0.33108281640764514
6.12,0.16303514036925926,0.004479363985481488,0.6693348733220037,0.33066512667799625
6.13,0.16257471330669676,0.0044730047954013715,0.6697504647501511,0.3302495352498489
6.14,0.16211615024729364,0.004466818385694336,0.6701639684178011,0.3298360315821989
6.15,0.16165943954187573,0.004460787936918181,0.6705753948130043,0.3294246051869957
6.16,0.16120456961730506,0.004454898138365841,0.6709847543711236,0.3290152456288764
6.17,0.1607515289782546,0.004449135053682544,0.6713920574750987,0.3286079425249013
6.18,0.16030030620872493,0.004443485998445362,0.6717973144557101,0.3282026855442899
6.19,0.15985088997332766,0.004437939428640802,0.6722005355918405,0.32779946440815955
6.2,0.1594032690183586,0.004432484839070851,0.6726017311107354,0.3273982688892646
6.21,0.1589486812874886,0.004422604082040538,0.6730490630456278,0.3269509369543721
6.22,0.15849598822767144,0.00441326459674783,0.6734941024291075,0.3265058975708926
6.23,0.15804517810951804,0.004404416493833074,0.6739368610103729,0.3260631389896271
6.24,0.15759623922526214,0.004396014339454842,0.6743773504784096,0.3256226495215903
6.25,0.15714915989643274,0.004388016758485415,0.6748155824622973,0.32518441753770266
6.26,0.15670392848071477,0.004380386073024755,0.6752515685315174,0.32474843146848265
6.27,0.1562605333780746,0.004373087973091195,0.6756853201962579,0.32431467980374207
6.28,0.15581896303621764,0.004366091216626415,0.6761168489077186,0.3238831510922814
6.29,0.15537920595544255,0.0043593673562067736,0.6765461660584118,0.32345383394158816
6.3,0.15494125069294618,0.004352890490084854,0.6769732829824642,0.3230267170175359
6.31,0.15450508586663306,0.004346637035396495,0.6773982109559153,0.3226017890440847
6.32,0.15407070015847457,0.004340585521560931,0.6778209611970161,0.3221790388029839
6.33,0.1536380823174611,0.004334716402077158,0.6782415448665242,0.32175845513347573
6.34,0.15320722116218513,0.0043290118830794,0.6786599730679994,0.32134002693200064
6.35,0.15277810558309116,0.004323455767160167,0.6790762568480957,0.3209237431519043
6.36,0.15235072454442258,0.004318033311102039,0.6794904071968543,0.3205095928031457
6.37,0.15192506708589718,0.004312731096280223,0.6799024350479925,0.3200975649520074
6.38,0.15150112232413354,0.004307536910607974,0.6803123512791935,0.3196876487208064
6.39,0.15107887945385656,0.004302439640997402,0.6807201667123924,0.31927983328760756
6.4,0.15065832774889967,0.004297429175399511,0.6811258921140628,0.3188741078859372
6.41,0.15023100225826516,0.004288175465261517,0.6815789441505264,0.3184210558494736
6.42,0.1498054650811513,0.004279442546500438,0.6820296248953581,0.3179703751046418
6.43,0.14938170500262382,0.004271182226222138,0.6824779467599891,0.31752205324001087
6.44,0.14895971082968518,0.004263350618519229,0.682923922090888,0.31707607790911196
6.45,0.14853947139861992,0.004255907760669744,0.6833675631699019,0.3166324368300981
6.46,0.14812097558155943,0.004248817263516272,0.6838088822145941,0.3161911177854059
6.47,0.14770421229233976,0.004242045992983454,0.6842478913785809,0.3157521086214191
6.48,0.14728917049171794,0.004235563779962251,0.6846846027518658,0.3153153972481341
6.49,0.14687583919200733,0.004229343156035977,0.6851190283611732,0.31488097163882683
6.5,0.14646420746118613,0.0042233591127476475,0.6855511801702786,0.3144488198297214
6.51,0.1460542644265293,0.004217588882312909,0.6859810700803393,0.3140189299196608
6.52,0.14564599927780797,0.004212011737869213,0.6864087099302207,0.3135912900697793
6.53,0.14523940127009838,0.004206608811521834,0.6868341114968239,0.3131658885031761
6.54,0.14483445972623613,0.004201362928602025,0.6872572864954087,0.3127427135045912
6.55,0.1444311640389506,0.004196258456693717,0.6876782465799173,0.3123217534200827
6.56,0.1440295036727094,0.004191281168113523,0.688097003343294,0.31190299665670596
6.57,0.1436294681653008,0.004186418114645974,0.6885135683178061,0.311486431682194
6.58,0.14323104712917992,0.004181657513442447,0.6889279529753596,0.3110720470246404
6.59,0.14283423025259986,0.004176988643089448,0.6893401687278169,0.31065983127218316
6.6,0.14243900730055123,0.004172401748940445,0.6897502269273097,0.31024977307269025
6.61,0.1420371905137857,0.004163740670936698,0.6902088896251708,0.3097911103748292
6.62,0.1416370628015371,0.004155581740006266,0.6906650977512037,0.3093349022487964
6.63,0.14123861342618438,0.004147878293139058,0.6911188644412549,0.30888113555874513
6.64,0.14084183167232828,0.004140587840635567,0.6915702027608737,0.3084297972391264
6.65,0.1404467068538399,0.004133671693985186,0.6920191257056876,0.3079808742943125
6.66,0.1400532283201574,0.004127094626904934,0.6924656462017771,0.30753435379822297
6.67,0.13966138546190046,0.004120824566585522,0.6929097771060477,0.30709022289395227
6.68,0.1392711677158668,0.0041148323124545255,0.6933515312066002,0.3066484687933998
6.69,0.13888256456946887,0.004109091280005857,0.6937909212230986,0.30620907877690134
6.7,0.13849556556466333,0.004103577267462813,0.6942279598071367,0.3057720401928633
6.71,0.13811016030142073,0.004098268243240795,0.6946626595426022,0.30533734045739785
6.72,0.13772633844077994,0.004093144152356762,0.6950950329460388,0.3049049670539612
6.73,0.13734408970752537,0.004088186740097505,0.6955250924670076,0.3044749075329925
6.74,0.13696340389252418,0.004083379391409035,0.6959528504884438,0.30404714951155626
6.75,0.1365842708547545,0.004078706984606358,0.6963783193270151,0.3036216806729849
6.76,0.13620668052305585,0.004074155758127554,0.6968015112334753,0.30319848876652467
6.77,0.13583062289762707,0.0040697131891698005,0.6972224383930172,0.30277756160698277
6.78,0.13545608805129686,0.004065367883148383,0.6976411129256237,0.30235888707437636
6.79,0.13508306613058887,0.0040611094730141515,0.6980575468864161,0.301942453113584
6.8,0.1347115473566012,0.0040569285275507145,0.6984717522660022,0.30152824773399783
6.81,0.13433360197799205,0.004048829517682846,0.6989359359864235,0.30106406401357655
6.82,0.13395725314066184,0.004041215755823853,0.6993975767250579,0.30060242327494213
6.83,0.13358249054824958,0.004034041948806178,0.6998566884133639,0.30014331158663604
6.84,0.133209303926894,0.004027266857392911,0.7003132849064786,0.29968671509352135
6.85,0.1328376830320148,0.004020852934560078,0.7007673799836347,0.2992326200163653
6.86,0.1324676176543659,0.004014765996033032,0.701218987348577,0.29878101265142304
6.87,0.13209909762543068,0.004008974920202875,0.7016681206299755,0.2983318793700245
6.88,0.1317321128222184,0.004003451374804709,0.7021147933818375,0.29788520661816253
6.89,0.13136665317152119,0.00399816956797272,0.7025590190839155,0.29744098091608445
6.9,0.13100270865368024,0.003993106021499456,0.7030008111421152,0.2969991888578848
6.91,0.13064026930590902,0.003988239364320192,0.7034401828888989,0.29655981711110113
6.92,0.130279325225214,0.003983550144419508,0.7038771475836887,0.29612285241631137
6.93,0.1299198665709533,0.003979020657517856,0.7043117184132661,0.2956882815867338
6.94,0.1295618835670655,0.003974634791042121,0.7047439084921707,0.2952560915078292
6.95,0.12920536650400197,0.003970377882017523,0.705173730863095,0.29482626913690496
6.96,0.1288503057403901,0.003966236587639539,0.7056011984972786,0.29439880150272135
6.97,0.12849669170445377,0.003962198767395191,0.7060263242948996,0.2939736757051004
6.98,0.12814451489521475,0.003958253375703756,0.7064491210854638,0.29355087891453624
6.99,0.12779376588349586,0.003954390364138757,0.7068696016281918,0.2931303983718082
7.0,0.12744443531274569,0.003950600592376666,0.7072877786124043,0.29271222138759573
7.01,0.1270888329118947,0.0039430367543517855,0.707757413299124,0.292242586700876
7.02,0.12673474083447228,0.003935942937239184,0.7082244107982592,0.2917755892017409
7.03,0.12638214919035323,0.003929275062508094,0.7086887859186781,0.29131121408132193
7.04,0.12603104811220336,0.003922993000069741,0.7091505533860919,0.2908494466139081
7.05,0.12568142776202007,0.003917060215721745,0.7096097278435205,0.29039027215647945
7.06,0.12533327833696728,0.003911443450051326,0.7100663238517576,0.2899336761482424
7.07,0.12498659007457141,0.0039061124259922755,0.7105203558898321,0.28947964411016797
7.08,0.12464135325733942,0.0039010395824805645,0.710971838355467,0.28902816164453304
7.09,0.1242975582168516,0.0038961998318811394,0.711420785565537,0.28857921443446305
7.1,0.12395519533738093,0.003891570339065859,0.7118672117565211,0.2881327882434789
7.11,0.1236142550590823,0.0038871303202114606,0.7123111310849554,0.28768886891504464
7.12,0.12327472788079331,0.0038828608595585495,0.7127525576278806,0.28724744237211935
7.13,0.12293660436248319,0.003878744742529374,0.71319150538329,0.28680849461671004
7.14,0.12259987512738417,0.003874766303745,0.7136279882705717,0.2863720117294283
7.15,0.12226453086383464,0.0038709112886125747,0.7140620201309515,0.2859379798690484
7.16,0.12193056232686354,0.003867166727271868,0.7144936147279309,0.28550638527206906
7.17,0.12159796033953894,0.0038635208197982636,0.7149227857477238,0.2850772142522762
7.18,0.12126671579410583,0.003859962831657687,0.7153495467996903,0.2846504532003097
7.19,0.12093681965293168,0.003856482998498529,0.715773911416769,0.28422608858323095
7.2,0.12060826294928075,0.003853072439447228,0.7161958930559051,0.2838041069440949
7.21,0.12027357694182964,0.00384602041723295,0.7166709282368027,0.2833290717631974
7.22,0.11994032098834591,0.0038394248052472085,0.7171432254705908,0.28285677452940916
7.23,0.11960848557084763,0.0038332425874551706,0.7176128005378994,0.2823871994621005
7.24,0.1192780611944668,0.0038274346044223926,0.7180796691284043,0.28192033087159574
7.25,0.11894903839377476,0.0038219652086987303,0.7185438468413503,0.2814561531586497
7.26,0.11862140773842204,0.003816801950975251,0.7190053491860742,0.28099465081392583
7.27,0.1182951598381569,0.003811915294268355,0.7194641915825215,0.2805358084174785
7.28,0.11797028534728156,0.003807278353630108,0.7199203893617626,0.2800796106382374
7.29,0.11764677496859899,0.0038028666591067898,0.7203739577665043,0.2796260422334958
7.3,0.11732461945689883,0.0037986579398707784,0.7208249119515993,0.2791750880484007
7.31,0.11700380962202613,0.0037946319276359526,0.7212732669845533,0.2787267330154467
7.32,0.11668433633157278,0.0037907701776352656,0.7217190378460274,0.2782809621539726
7.33,0.11636619051322762,0.003787055905592768,0.7221622394303391,0.2778377605696609
7.34,0.11604936315681799,0.003783473839262102,0.7226028865459599,0.2773971134540401
7.35,0.1157338453160724,0.0037800100832309437,0.7230409939160103,0.27695900608398977
7.36,0.11541962811013151,0.0037766519958068443,0.7234765761787514,0.27652342382124856
7.37,0.1151067027248314,0.0037733880769056354,0.7239096478880744,0.27609035211192556
7.38,0.11479506041378175,0.003770207865959802,0.7243402235139864,0.27565977648601364
7.39,0.114484692499259,0.003767101848951948,0.7247683174430941,0.27523168255690594
7.4,0.114175590372932,0.0037640613737582687,0.7251939439790847,0.27480605602091535
7.41,0.11386048936445191,0.0037575012821138387,0.7256743490099946,0.27432565099000533
7.42,0.11354674374597387,0.0037513855692779597,0.7261519079117795,0.2738480920882204
7.43,0.113234344338363,0.003745672130740014,0.7266266375461508,0.27337336245384924
7.44,0.11292328198596976,0.0037403226403237436,0.7270985546749237,0.2729014453250763
7.45,0.11261354756276626,0.003735302212291551,0.727567675960609,0.272432324039391
7.46,0.11230513197781282,0.0037305790936454576,0.728034017967002,0.27196598203299804
7.47,0.11199802618011924,0.0037261243839283318,0.7284975971597663,0.27150240284023375
7.48,0.11169222116295709,0.003721911780069615,0.728958429907016,0.27104157009298396
7.49,0.11138770796767566,0.0037179173440388446,0.7294165324798934,0.27058346752010665
7.5,0.11108447768706879,0.003714119291269882,0.7298719210531432,0.2701280789468568
7.51,0.11078252146833513,0.0037104977980005225,0.7303246117056841,0.2696753882943159
7.52,0.11048183051567079,0.0037070348258377733,0.7307746204211761,0.26922537957882386
7.53,0.11018239609252993,0.003703713962009844,0.7312219630885852,0.26877803691141483
7.54,0.1098842095235849,0.0037005202739033606,0.731666655502744,0.26833334449725604
7.55,0.10958726219641504,0.0036974401766093016,0.7321087133649097,0.2678912866350903
7.56,0.10929154556295068,0.0036944613123152223,0.7325481522833184,0.26745184771668157
7.57,0.10899705114069567,0.0036915724404850765,0.7329849877737364,0.2670150122262635
7.58,0.10870377051375109,0.0036887633378624644,0.7334192352600076,0.26658076473999237
7.59,0.10841169533365831,0.0036860247074192694,0.7338509100745982,0.2661490899254017
7.6,0.10812081732008062,0.0036833480954500345,0.7342800274591386,0.2657199725408614
7.61,0.10782405881392618,0.0036772635131311323,0.7347657920407645,0.26523420795923547
7.62,0.10752858632108263,0.0036716128400387116,0.7352485938854831,0.2647514061145169
7.63,0.10723439096858747,0.003666354731290983,0.7357284510633848,0.26427154893661514
7.64,0.10694146390740185,0.003661451555770023,0.7362053815343488,0.2637946184656512
7.65,0.10664979631838165,0.0036568690637133246,0.7366794031487143,0.2633205968512857
7.66,0.10635937941759341,0.0036525760840366303,0.7371505336479494,0.26284946635205064
7.67,0.10607020446103706,0.00364854424873114,0.7376187906653148,0.26238120933468523
7.68,0.10578226274883182,0.0036447477419154373,0.7380841917265237,0.26191580827347627
7.69,0.10549554562891637,0.00364116307133847,0.7385467542503981,0.2614532457496019
7.7,0.10521004450030971,0.003637768860326751,0.7390064955495204,0.26099350445047964
7.71,0.10492575081597474,0.003634545658348122,0.7394634328308811,0.2605365671691189
7.72,0.10464265608532233,0.0036314757685277205,0.7399175831965239,0.2600824168034761
7.73,0.10436075187639116,0.0036285430906003646,0.7403689636441844,0.2596310363558156
7.74,0.10408002981773394,0.003625732977919079,0.7408175910679273,0.2591824089320726
7.75,0.10380048160003905,0.0036230321072627074,0.7412634822587785,0.25873651774122153
7.76,0.10352209897751294,0.003620428360297924,0.7417066539053527,0.2582933460946472
7.77,0.10324487376904681,0.0036179107156532257,0.7421471225944798,0.2578528774055202
7.78,0.10296879785918922,0.0036154691506556282,0.7425849048118236,0.2574150951881764
7.79,0.10269386319894297,0.003613094551865653,0.7430200169425004,0.2569799830574996
7.8,0.10242006180640427,0.003610778633623423,0.7434524752716917,0.25654752472830833
7.81,0.1021404862714388,0.003605156666862148,0.743943610281957,0.25605638971804295
7.82,0.10186213236733387,0.0035999597059853984,0.7444316563543965,0.25556834364560355
7.83,0.101584991495031,0.0035951470105388054,0.7449166329165333,0.25508336708346674
7.84,0.10130905507991825,0.0035906815032955897,0.7453985592737037,0.2546014407262963
7.85,0.10103431457766089,0.0035865294420680508,0.7458774546098252,0.25412254539017476
7.86,0.1007607614793879,0.0035826601208993696,0.7463533379881603,0.2536466620118397
7.87,0.10048838731629564,0.0035790455980080037,0.7468262283520749,0.2531737716479251
7.88,0.10021718366372397,0.0035756604480916983,0.7472961445257933,0.25270385547420676
7.89,0.09994714214475564,0.0035724815368120043,0.7477631052151463,0.25223689478485367
7.9,0.09967825443338388,0.003569487815474917,0.7482271290083173,0.25177287099168266
7.91,0.09941051225729067,0.0035666601341006157,0.7486882343765809,0.25131176562341906
7.92,0.09914390740027205,0.003563981071236805,0.7491464396750389,0.25085356032496114
7.93,0.09887843170434553,0.003561434779017257,0.7496017631433505,0.25039823685664947
7.94,0.09861407707156956,0.0035590068421011037,0.7500542229064592,0.2499457770935408
7.95,0.09835083546560418,0.003556684149250453,0.7505038369753132,0.24949616302468683
7.96,0.09808869891303688,0.0035544547764149725,0.750950623247583,0.24904937675241698
7.97,0.09782765950449768,0.0035523078802932825,0.7513945995083741,0.24860540049162594
7.98,0.09756770939558414,0.003550233601433113,0.751835783430934,0.24816421656906598
7.99,0.09730884080761446,0.003548222976016124,0.7522741925773568,0.24772580742264316
8.0,0.09705104602822698,0.003546267855549641,0.7527098443992817,0.24729015560071832
8.01,0.09678757131858608,0.003541099283160317,0.7532063830985266,0.24679361690147336
8.02,0.0965252585843315,0.003536348408909328,0.7536996956970355,0.24630030430296448
8.03,0.0962640994681821,0.003531974935468545,0.7541898031553618,0.24581019684463826
8.04,0.09600408563793057,0.003527942192831291,0.7546767262978743,0.2453232737021257
8.05,0.09574520879215845,0.003524216813018594,0.7551604858136427,0.24483951418635727
8.06,0.095487460665315,0.0035207684339347836,0.7556411022573155,0.24435889774268443
8.07,0.09523083303222064,0.003517569429763017,0.7561185960499944,0.24388140395000554
8.08,0.09497531771205034,0.003514594665524634,0.7565929874801014,0.24340701251989857
8.09,0.09472090657184652,0.0035118212736387554,0.7570642967042409,0.24293570329575903
8.1,0.09446759152960676,0.0035092284505120665,0.7575325437480565,0.2424674562519435
8.11,0.09421536455698701,0.003506797271364925,0.7579977485070812,0.24200225149291876
8.12,0.09396421768165808,0.003504510521660465,0.7584599307475837,0.24154006925241636
8.13,0.09371414298934846,0.0035023525436494378,0.7589191101074072,0.2410808898925928
8.14,0.09346513262560446,0.0035003090966766763,0.7593753060968046,0.2406246939031954
8.15,0.09321717879729467,0.0034983672300162067,0.7598285380992671,0.24017146190073288
8.16,0.09297027377388471,0.0034965151671124115,0.760278825372348,0.239721174627652
8.17,0.09272440988850437,0.0034947422002050963,0.7607261870484807,0.23927381295151925
8.18,0.09247957953882789,0.0034930385944078623,0.761170642135792,0.238829357864208
8.19,0.09223577518778593,0.0034913955003924393,0.7616122095189091,0.2383877904810909
8.2,0.09199298936412639,0.003489804874907579,0.7620509079597627,0.2379490920402373
8.21,0.09174460548039348,0.003485084391354875,0.7625529076463252,0.2374470923536748
8.22,0.09149732840281526,0.003480775952585299,0.7630515314891593,0.23694846851084075
8.23,0.09125114998358015,0.003476839533626426,0.7635468021901136,0.23645319780988636
8.24,0.0910060621007047,0.0034732387164582972,0.7640387422983717,0.23596125770162835
8.25,0.09076205666365791,0.003469940366202614,0.7645273742114781,0.23547262578852188
8.26,0.09051912561835437,0.003466914336358534,0.765012720176359,0.234987279823641
8.27,0.09027726095157754,0.0034641332004823637,0.7654948022903343,0.23450519770966577
8.28,0.09003645469488691,0.0034615720079413455,0.765973642502124,0.234026357497876
8.29,0.08979669892805939,0.003459208061583858,0.7664492626128477,0.23355073738715226
8.3,0.08955798578210937,0.0034570207153615546,0.766921684277017,0.23307831572298293
8.31,0.08932030744192873,0.0034549911901148073,0.7673909290035212,0.2326090709964788
8.32,0.089083656148583,0.003453102405893003,0.7678570181566069,0.2321429818433931
8.33,0.08884802420129792,0.0034513388293270814,0.7683199729568505,0.2316800270431495
8.34,0.08861340395916624,0.003449686334704474,0.7687798144821246,0.2312201855178754
8.35,0.08837978784260235,0.0034481320775175297,0.7692365636685573,0.23076343633144267
8.36,0.08814716833456965,0.0034466643793665936,0.7696902413114857,0.23030975868851428
8.37,0.08791553798160319,0.003445272623199163,0.7701408680664026,0.22985913193359747
8.38,0.0876848893946481,0.003443947157957791,0.7705884644498967,0.2294115355501033
8.39,0.0874552152497322,0.003442679211792534,0.7710330508405869,0.228966949159413
8.4,0.08722650828848938,0.0034414608130693912,0.7714746474800507,0.22852535251994938
8.41,0.08699227246762192,0.0034371873926324994,0.7719821917011365,0.2280178082988636
8.42,0.08675909255680382,0.003433322112594992,0.7724861958264424,0.22751380417355757
8.43,0.0865269605848091,0.003429825035928182,0.7729866845479612,0.2270133154520388
8.44,0.08629586860714636,0.0034266598290169916,0.77348368238546,0.22651631761454005
8.45,0.0860658087116192,0.003423793437797794,0.7739772136876815,0.22602278631231848
8.46,0.08583677302325703,0.0034211957929799613,0.7744673026335378,0.2255326973664622
8.47,0.08560875370867795,0.00341883954174236,0.7749539732332936,0.2250460267667064
8.48,0.0853817429799374,0.003416699803529765,0.7754372493297436,0.22456275067025647
8.49,0.08515573309791294,0.003414753947786919,0.7759171545993799,0.2240828454006201
8.5,0.08493071637527003,0.003412981391661778,0.7763937125535526,0.2236062874464474
8.51,0.08470668517904908,0.00341136341588583,0.7768669465396211,0.22313305346037893
8.52,0.08448363193291143,0.0034098829972000577,0.7773368797420981,0.22266312025790197
8.53,0.08426154911907703,0.003408524655841359,0.7778035351837854,0.2221964648162146
8.54,0.08404042927998438,0.003407274316737322,0.7782669357269021,0.22173306427309786
8.55,0.08382026501970023,0.0034061191831785973,0.7787271040742045,0.22127289592579547
8.56,0.083601049005104,0.0034050476218483784,0.779184062770098,0.220815937229902
8.57,0.08338277396686879,0.003404049058189058,0.779637834201742,0.22036216579825796
8.58,0.08316543270026014,0.0034031138811775707,0.7800884406001468,0.2199115593998532
8.59,0.08294901806577068,0.0034022333566642734,0.7805359040412622,0.21946409595873784
8.6,0.08273352298960698,0.0034013995485059896,0.7809802464470595,0.21901975355294048
8.61,0.0825125551095202,0.003397576963142225,0.781493447907635,0.21850655209236497
8.62,0.08229259633259273,0.00339416050207588,0.782002928190913,0.21799707180908698
8.63,0.08207363883023167,0.003391110112875167,0.782508714278813,0.21749128572118698
8.64,0.08185567480166932,0.003388389361596605,0.7830108329576109,0.21698916704238908
8.65,0.08163869647948703,0.0033859651071691792,0.7835093108193579,0.2164906891806421
8.66,0.0814226961345089,0.0033838072050549556,0.7840041742632886,0.21599582573671142
8.67,0.08120766608012507,0.0033818882375571324,0.7844954494972192,0.2155045505027809
8.68,0.08099359867610065,0.0033801832683823924,0.7849831625389352,0.21501683746106487
8.69,0.08078048633191974,0.00337866961927897,0.7854673392175697,0.21453266078243033
8.7,0.08056832150970998,0.0033773266667673006,0.785948005174971,0.21405199482502896
8.71,0.0803570967267884,0.003376135657158024,0.7864251858670609,0.21357481413293908
8.72,0.08014680455786638,0.0033750795382141074,0.7868989065651822,0.21310109343481776
8.73,0.07993743763694612,0.003374142805961259,0.7873691923574379,0.21263080764256215
8.74,0.0797289886589404,0.0033733113652851237,0.7878360681500189,0.212163931849981
8.75,0.07952145038104204,0.0033725724030758924,0.7882995586685244,0.2117004413314756
8.76,0.07931481562386893,0.0033719142727922746,0.7887596884592697,0.21124031154073028
8.77,0.07910907727240636,0.003371326389418026,0.7892164818905875,0.21078351810941254
8.78,0.07890422827676798,0.0033707991338764493,0.7896699631541175,0.21033003684588245
8.79,0.078700261652793,0.0033703237660522157,0.7901201562660886,0.20987984373391141
8.8,0.07849717048249705,0.003369892345646248,0.7905670850685897,0.20943291493141028
8.81,0.07828864876625125,0.0033665298826128166,0.7910860894342103,0.20891391056578965
8.82,0.07808109328310117,0.003363573612751023,0.7916011718931414,0.2083988281068586
8.83,0.07787449631144874,0.0033609831390719663,0.79211236208165,0.20788763791835
8.84,0.07766885015883326,0.003358721719184126,0.7926196894120542,0.20738031058794584
8.85,0.07746414716745036,0.003356755935994169,0.7931231830744148,0.20687681692558527
8.86,0.07726037971903463,0.00335505539805387,0.7936228720382151,0.20637712796178484
8.87,0.07705754023916714,0.003353592466887809,0.7941187850540281,0.20588121494597195
8.88,0.07685562120106396,0.0033523420088758327,0.7946109506551697,0.20538904934483024
8.89,0.0766546151288964,0.00335128116948202,0.7950993971593415,0.2049006028406585
8.9,0.07645451460068857,0.0033503891678202786,0.7955841526702594,0.2044158473297406
8.91,0.07625531225083408,0.0033496471097270997,0.7960652450792709,0.2039347549207291
8.92,0.07605700077226935,0.0033490378176764457,0.79654270206696,0.20345729793304007
8.93,0.07585957291833732,0.0033485456760212117,0.7970165511047393,0.20298344889526068
8.94,0.07566302150437275,0.0033481564901819737,0.7974868194564316,0.2025131805435684
8.95,0.07546733940903648,0.003347857358527617,0.7979535341798375,0.2020464658201625
8.96,0.07527251957542447,0.003347636555805318,0.798416722128293,0.20158327787170707
8.97,0.0750785550119739,0.003347483427080013,0.7988764099522139,0.20112359004778618
8.98,0.07488543879318699,0.003347388291237007,0.7993326241006298,0.20066737589937017
8.99,0.0746931640601917,0.0033473423531864585,0.7997853908227059,0.2002146091772941
9.0,0.0745017240211558,0.0033473376239859234,0.8002347361692527,0.19976526383074736
9.01,0.07430488102506853,0.0033444510687619623,0.8007597270348431,0.19924027296515692
9.02,0.07410896521134237,0.0033419731326993288,0.8012805721570866,0.19871942784291344
9.03,0.0739139689272585,0.0033398628101699544,0.8017973042740535,0.19820269572594654
9.04,0.07371988455081765,0.0033380828105540055,0.8023099558652884,0.19769004413471158
9.05,0.07352670449628917,0.003336599223021346,0.8028185591538519,0.19718144084614803
9.06,0.07333442121911245,0.003335381211534448,0.8033231461083457,0.19667685389165432
9.07,0.07314302722021404,0.003334400737352224,0.8038237484449219,0.19617625155507815
9.08,0.07295251504979801,0.0033336323065588204,0.804320397629277,0.19567960237072302
9.09,0.0727628773106605,0.0033330527403638765,0.8048131248786295,0.19518687512137048
9.1,0.0725741066610762,0.0033326409661234395,0.805301961163682,0.194698038836318
9.11,0.07238619581729806,0.0033323778272150535,0.8057869372105678,0.1942130627894322
9.12,0.07219913755570985,0.0033322459100684583,0.8062680835027825,0.19373191649721755
9.13,0.07201292471466468,0.0033322293868060446,0.8067454302830998,0.19325456971690028
9.14,0.0718275501960427,0.0033323138720863536,0.8072190075554723,0.1927809924445277
9.15,0.07164300696655448,0.0033324862928704045,0.8076888450869182,0.19231115491308184
9.16,0.07145928805881716,0.0033327347699458917,0.8081549724093913,0.19184502759060879
9.17,0.07127638657222594,0.0033330485101491164,0.8086174188216377,0.19138258117836224
9.18,0.07109429567364194,0.003333417708319966,0.809076213391038,0.190923786608962
9.19,0.07091300859791556,0.0033338334581120895,0.8095313849554331,0.19046861504456697
9.2,0.07073251864826259,0.003334287670859485,0.8099829621249376,0.19001703787506238
9.21,0.07054663751785885,0.003331900649660407,0.8105141675324747,0.1894858324675252
9.22,0.07036164826068189,0.0033299274044213665,0.8110409759575932,0.1889590240424068
9.23,0.07017754325126711,0.003328326009494768,0.8115634237957327,0.18843657620426732
9.24,0.06999431489678425,0.003327058343369844,0.8120815471410745,0.1879184528589255
9.25,0.0698119556426562,0.0033260897448852953,0.8125953817890351,0.18740461821096485
9.26,0.06963045797751359,0.0033253887004830803,0.8131049632387393,0.18689503676126074
9.27,0.06944981443755098,0.0033249265597052723,0.8136103266954723,0.18638967330452774
9.28,0.06927001761034345,0.0033246772763875884,0.8141115070731124,0.1858884929268876
9.29,0.06909106013817652,0.0033246171732324377,0.814608538996543,0.1853914610034571
9.3,0.06891293472093812,0.0033247247276528527,0.8151014568040442,0.18489854319595578
9.31,0.06873563411861612,0.0033249803769685457,0.8155902945496661,0.1844097054503339
9.32,0.0685591511534403,0.00332536634120808,0.8160750860055805,0.18392491399441951
9.33,0.06838347871170539,0.003325866461928408,0.8165558646644147,0.1834441353355854
9.34,0.06820860974530658,0.003326466055606144,0.817032663741565,0.18296733625843503
9.35,0.06803453727301714,0.0033271517802851602,0.817505516177492,0.18249448382250805
9.36,0.0678612543815343,0.003327911514283644,0.8179744546399956,0.18202554536000437
9.37,0.06768875422631719,0.00332873424587163,0.8184395115264729,0.18156048847352718
9.38,0.06751703003223868,0.0033296099729281407,0.818900718966155,0.18109928103384493
9.39,0.06734607509407017,0.003330529611676473,0.8193581088223284,0.18064189117767163
9.4,0.0671758827768171,0.0033314849136773903,0.8198117126945348,0.18018828730546524
9.41,0.06700029375419567,0.00332963073311573,0.8203494137475762,0.17965058625242383
9.42,0.06682556500636874,0.003328198729730922,0.8208824337759733,0.1791175662240268
9.43,0.06665168888861818,0.0033271456820282205,0.821410813530979,0.17858918646902097
9.44,0.06647865779118947,0.00332643229650427,0.8219345934090816,0.17806540659091846
9.45,0.06630646414502722,0.0033260228520792324,0.8224538134550918,0.1775461865449081
9.46,0.06613510042682345,0.003325884876686826,0.8229685133652063,0.1770314866347937
9.47,0.06596455916344716,0.003325988853119222,0.8234787324900402,0.1765212675099598
9.48,0.06579483293581549,0.0033263079514852666,0.8239845098376377,0.17601549016236223
9.49,0.06562591438226321,0.00332681778587855,0.8244858840764534,0.17551411592354657
9.5,0.06545779620145979,0.003327496193068471,0.8249828935383087,0.17501710646169136
9.51,0.06529047115491994,0.003328323031224572,0.8254755762213222,0.1745244237786778
9.52,0.06512393206914814,0.003329279996863855,0.8259639697928155,0.1740360302071845
9.53,0.0649581718374547,0.0033303504583740173,0.8264481115921923,0.17355188840780764
9.54,0.06479318342147641,0.003331519304614152,0.8269280386337936,0.17307196136620637
9.55,0.06462895985243212,0.003332772807229604,0.8274037876097272,0.17259621239027279
9.56,0.06446549423214115,0.0033340984954407654,0.827875394892673,0.172124605107327
9.57,0.0643027797338278,0.0033354850421774343,0.8283428965386641,0.1716571034613359
9.58,0.06414080960273605,0.00333692216053234,0.8288063282898432,0.17119367171015676
9.59,0.0639795771565732,0.0033384005095999972,0.8292657255771954,0.1707342744228047
9.6,0.06381907578580125,0.0033399116088515058,0.8297211235232564,0.1702788764767436
9.61,0.06365315295153792,0.003338635796765087,0.8302656658970667,0.1697343341029333
9.62,0.06348806253054998,0.0033377945184797845,0.8308052035136532,0.1691947964863468
9.63,0.0633237968056067,0.0033373427920571,0.8313397823705289,0.16866021762947117
9.64,0.06316034809729475,0.0033372397303962926,0.8318694480424542,0.16813055195754573
9.65,0.06299770876992766,0.0033374481699011867,0.8323942456853239,0.167605754314676
9.66,0.06283587123673695,0.0033379343327910576,0.8329142200400154,0.16708577995998464
9.67,0.06267482796441545,0.0033386675200135526,0.8334294154362032,0.1665705845637968
9.68,0.06251457147707826,0.003339619831992021,0.8339398757961389,0.16606012420386107
9.69,0.06235509435969948,0.0033407659146893996,0.8344456446383953,0.16555435536160465
9.7,0.0621963892610774,0.003342082728698017,0.8349467650815765,0.16505323491842352
9.71,0.06203844889637627,0.00334354933927151,0.8354432798479937,0.16455672015200626
9.72,0.061881266049287356,0.003345146725403171,0.835935231267308,0.16406476873269207
9.73,0.06172483357384807,0.0033468576062262827,0.8364226612801384,0.16357733871986158
9.74,0.06156914439595493,0.003348666283167768,0.8369056114416384,0.16309438855836159
9.75,0.06141419151460144,0.0033505584964282167,0.8373841229250377,0.1626158770749623
9.76,0.06125996800286976,0.003352521294490334,0.8378582365251529,0.16214176347484707
9.77,0.06110646700870226,0.0033545429154751704,0.8383279926618654,0.16167200733813458
9.78,0.06095368175547576,0.003356612679272244,0.8387934313835672,0.1612065686164328
9.79,0.060801605542400154,0.0033587208894668066,0.8392545923705752,0.16074540762942482
9.8,0.060650231744759794,0.003360858744175825,0.8397115149385141,0.16028848506148588
9.81,0.06049338997660118,0.003360222600084951,0.8402633244751067,0.15973667552489332
9.82,0.060337356595543096,0.0033600382982392147,0.8408097569089019,0.15919024309109803
9.83,0.06018212374922937,0.0033602585075478506,0.8413508646370271,0.15864913536297284
9.84,0.06002768362665046,0.003360840213140428,0.8418866995460261,0.15811330045397384
9.85,0.0598740284642993,0.0033617443242040666,0.842417313016835,0.157582686983165
9.86,0.05972115055156527,0.0033629353174213956,0.8429427559297086,0.15705724407029142
9.87,0.059569042235442744,0.003364380912784815,0.8434630786690996,0.15653692133090033
9.88,0.05941769592462346,0.0033660517788539125,0.8439783311284903,0.15602166887150967
9.89,0.05926710409303508,0.003367921264787942,0.8444885627151757,0.15551143728482425
9.9,0.059117259282882216,0.00336996515672647,0.8449938223550025,0.1550061776449975
9.91,0.05896815410724077,0.003372161456310656,0.8454941584970597,0.1545058415029404
9.92,0.0588197812522515,0.003374490179337326,0.8459896191183244,0.1540103808816756
9.93,0.058672133478954246,0.0033769331727196007,0.846480251728263,0.15351974827173695
9.94,0.05852520362480016,0.0033794739480930663,0.8469661033733862,0.15303389662661387
9.95,0.058378984604875644,0.003382097530556821,0.8474472206417598,0.15255277935824013
9.96,0.05823346941286823,0.0033847903211754837,0.8479236496674738,0.1520763503325262
9.97,0.05808865112180246,0.0033875399719926367,0.8483954361350639,0.15160456386493612
9.98,0.057944522884569485,0.0033903352724193713,0.8488626252838938,0.15113737471610622
9.99,0.057801077934273734,0.0033931660459645446,0.8493252619124927,0.15067473808750736
10.0,0.05765830958441603,0.0033960230563669755,0.8497833903828506,0.15021660961714944
