x,phi2(x)
0.0000000e+00,1.8118830e+00
5.0000000e-03,1.8039551e+00
1.0000000e-02,1.7960624e+00
1.5000000e-02,1.7882047e+00
2.0000000e-02,1.7803820e+00
2.5000000e-02,1.7725940e+00
3.0000000e-02,1.7648406e+00
3.5000000e-02,1.7571217e+00
4.0000000e-02,1.7494370e+00
4.5000000e-02,1.7417865e+00
5.0000000e-02,1.7341700e+00
5.5000000e-02,1.7265874e+00
6.0000000e-02,1.7190385e+00
6.5000000e-02,1.7115232e+00
7.0000000e-02,1.7040412e+00
7.5000000e-02,1.6965926e+00
8.0000000e-02,1.6891771e+00
8.5000000e-02,1.6817946e+00
9.0000000e-02,1.6744450e+00
9.5000000e-02,1.6671281e+00
1.0000000e-01,1.6598438e+00
1.0500000e-01,1.6525919e+00
1.1000000e-01,1.6453724e+00
1.1500000e-01,1.6381850e+00
1.2000000e-01,1.6310297e+00
1.2500000e-01,1.6239063e+00
1.3000000e-01,1.6168147e+00
1.3500000e-01,1.6097548e+00
1.4000000e-01,1.6027263e+00
1.4500000e-01,1.5957293e+00
1.5000000e-01,1.5887635e+00
1.5500000e-01,1.5818288e+00
1.6000000e-01,1.5749251e+00
1.6500000e-01,1.5680523e+00
1.7000000e-01,1.5612103e+00
1.7500000e-01,1.5543988e+00
1.8000000e-01,1.5476179e+00
1.8500000e-01,1.5408673e+00
1.9000000e-01,1.5341470e+00
1.9500000e-01,1.5274567e+00
2.0000000e-01,1.5207965e+00
2.0500000e-01,1.5141662e+00
2.1000000e-01,1.5075656e+00
2.1500000e-01,1.5009946e+00
2.2000000e-01,1.4944531e+00
2.2500000e-01,1.4879410e+00
2.3000000e-01,1.4814582e+00
2.3500000e-01,1.4750045e+00
2.4000000e-01,1.4685798e+00
2.4500000e-01,1.4621841e+00
2.5000000e-01,1.4558171e+00
2.5500000e-01,1.4494788e+00
2.6000000e-01,1.4431691e+00
2.6500000e-01,1.4368878e+00
2.7000000e-01,1.4306348e+00
2.7500000e-01,1.4244100e+00
2.8000000e-01,1.4182133e+00
2.8500000e-01,1.4120446e+00
2.9000000e-01,1.4059038e+00
2.9500000e-01,1.3997906e+00
3.0000000e-01,1.3937052e+00
3.0500000e-01,1.3876472e+00
3.1000000e-01,1.3816166e+00
3.1500000e-01,1.3756134e+00
3.2000000e-01,1.3696373e+00
3.2500000e-01,1.3636883e+00
3.3000000e-01,1.3577662e+00
3.3500000e-01,1.3518710e+00
3.4000000e-01,1.3460026e+00
3.4500000e-01,1.3401607e+00
3.5000000e-01,1.3343454e+00
3.5500000e-01,1.3285565e+00
3.6000000e-01,1.3227939e+00
3.6500000e-01,1.3170575e+00
3.7000000e-01,1.3113472e+00
3.7500000e-01,1.3056629e+00
3.8000000e-01,1.3000044e+00
3.8500000e-01,1.2943718e+00
3.9000000e-01,1.2887647e+00
3.9500000e-01,1.2831833e+00
4.0000000e-01,1.2776272e+00
4.0500000e-01,1.2720966e+00
4.1000000e-01,1.2665911e+00
4.1500000e-01,1.2611108e+00
4.2000000e-01,1.2556555e+00
4.2500000e-01,1.2502252e+00
4.3000000e-01,1.2448197e+00
4.3500000e-01,1.2394389e+00
4.4000000e-01,1.2340827e+00
4.4500000e-01,1.2287511e+00
4.5000000e-01,1.2234439e+00
4.5500000e-01,1.2181610e+00
4.6000000e-01,1.2129023e+00
4.6500000e-01,1.2076677e+00
4.7000000e-01,1.2024571e+00
4.7500000e-01,1.1972705e+00
4.8000000e-01,1.1921076e+00
4.8500000e-01,1.1869685e+00
4.9000000e-01,1.1818530e+00
4.9500000e-01,1.1767611e+00
5.0000000e-01,1.1716925e+00
5.0500000e-01,1.1666473e+00
5.1000000e-01,1.1616253e+00
5.1500000e-01,1.1566264e+00
5.2000000e-01,1.1516506e+00
5.2500000e-01,1.1466977e+00
5.3000000e-01,1.1417676e+00
5.3500000e-01,1.1368603e+00
5.4000000e-01,1.1319756e+00
5.4500000e-01,1.1271135e+00
5.5000000e-01,1.1222738e+00
5.5500000e-01,1.1174566e+00
5.6000000e-01,1.1126615e+00
5.6500000e-01,1.1078887e+00
5.7000000e-01,1.1031380e+00
5.7500000e-01,1.0984092e+00
5.8000000e-01,1.0937023e+00
5.8500000e-01,1.0890173e+00
5.9000000e-01,1.0843539e+00
5.9500000e-01,1.0797122e+00
6.0000000e-01,1.0750920e+00
6.0500000e-01,1.0704933e+00
6.1000000e-01,1.0659159e+00
6.1500000e-01,1.0613598e+00
6.2000000e-01,1.0568248e+00
6.2500000e-01,1.0523109e+00
6.3000000e-01,1.0478180e+00
6.3500000e-01,1.0433460e+00
6.4000000e-01,1.0388948e+00
6.4500000e-01,1.0344643e+00
6.5000000e-01,1.0300545e+00
6.5500000e-01,1.0256652e+00
6.6000000e-01,1.0212964e+00
6.6500000e-01,1.0169479e+00
6.7000000e-01,1.0126198e+00
6.7500000e-01,1.0083118e+00
6.8000000e-01,1.0040239e+00
6.8500000e-01,9.9975611e-01
6.9000000e-01,9.9550822e-01
6.9500000e-01,9.9128018e-01
7.0000000e-01,9.8707191e-01
7.0500000e-01,9.8288332e-01
7.1000000e-01,9.7871433e-01
7.1500000e-01,9.7456486e-01
7.2000000e-01,9.7043482e-01
7.2500000e-01,9.6632412e-01
7.3000000e-01,9.6223269e-01
7.3500000e-01,9.5816044e-01
7.4000000e-01,9.5410729e-01
7.4500000e-01,9.5007315e-01
7.5000000e-01,9.4605795e-01
7.5500000e-01,9.4206160e-01
7.6000000e-01,9.3808402e-01
7.6500000e-01,9.3412512e-01
7.7000000e-01,9.3018484e-01
7.7500000e-01,9.2626308e-01
7.8000000e-01,9.2235977e-01
7.8500000e-01,9.1847482e-01
7.9000000e-01,9.1460816e-01
7.9500000e-01,9.1075971e-01
8.0000000e-01,9.0692938e-01
8.0500000e-01,9.0311710e-01
8.1000000e-01,8.9932280e-01
8.1500000e-01,8.9554638e-01
8.2000000e-01,8.9178777e-01
8.2500000e-01,8.8804691e-01
8.3000000e-01,8.8432370e-01
8.3500000e-01,8.8061806e-01
8.4000000e-01,8.7692994e-01
8.4500000e-01,8.7325924e-01
8.5000000e-01,8.6960589e-01
8.5500000e-01,8.6596981e-01
8.6000000e-01,8.6235093e-01
8.6500000e-01,8.5874917e-01
8.7000000e-01,8.5516447e-01
8.7500000e-01,8.5159673e-01
8.8000000e-01,8.4804589e-01
8.8500000e-01,8.4451187e-01
8.9000000e-01,8.4099460e-01
8.9500000e-01,8.3749401e-01
9.0000000e-01,8.3401002e-01
9.0500000e-01,8.3054255e-01
9.1000000e-01,8.2709154e-01
9.1500000e-01,8.2365691e-01
9.2000000e-01,8.2023859e-01
9.2500000e-01,8.1683651e-01
9.3000000e-01,8.1345059e-01
9.3500000e-01,8.1008077e-01
9.4000000e-01,8.0672696e-01
9.4500000e-01,8.0338911e-01
9.5000000e-01,8.0006714e-01
9.5500000e-01,7.9676097e-01
9.6000000e-01,7.9347054e-01
9.6500000e-01,7.9019578e-01
9.7000000e-01,7.8693662e-01
9.7500000e-01,7.8369299e-01
9.8000000e-01,7.8046481e-01
9.8500000e-01,7.7725203e-01
9.9000000e-01,7.7405456e-01
9.9500000e-01,7.7087235e-01
1.0000000e+00,7.6770533e-01
1.0050000e+00,7.6455342e-01
1.0100000e+00,7.6141656e-01
1.0150000e+00,7.5829468e-01
1.0200000e+00,7.5518771e-01
1.0250000e+00,7.5209559e-01
1.0300000e+00,7.4901825e-01
1.0350000e+00,7.4595562e-01
1.0400000e+00,7.4290764e-01
1.0450000e+00,7.3987424e-01
1.0500000e+00,7.3685536e-01
1.0550000e+00,7.3385092e-01
1.0600000e+00,7.3086087e-01
1.0650000e+00,7.2788514e-01
1.0700000e+00,7.2492367e-01
1.0750000e+00,7.2197638e-01
1.0800000e+00,7.1904323e-01
1.0850000e+00,7.1612413e-01
1.0900000e+00,7.1321903e-01
1.0950000e+00,7.1032787e-01
1.1000000e+00,7.0745058e-01
1.1050000e+00,7.0458710e-01
1.1100000e+00,7.0173737e-01
1.1150000e+00,6.9890131e-01
1.1200000e+00,6.9607888e-01
1.1250000e+00,6.9327001e-01
1.1300000e+00,6.9047464e-01
1.1350000e+00,6.8769271e-01
1.1400000e+00,6.8492414e-01
1.1450000e+00,6.8216890e-01
1.1500000e+00,6.7942690e-01
1.1550000e+00,6.7669810e-01
1.1600000e+00,6.7398243e-01
1.1650000e+00,6.7127984e-01
1.1700000e+00,6.6859025e-01
1.1750000e+00,6.6591362e-01
1.1800000e+00,6.6324988e-01
1.1850000e+00,6.6059898e-01
1.1900000e+00,6.5796085e-01
1.1950000e+00,6.5533544e-01
1.2000000e+00,6.5272269e-01
1.2050000e+00,6.5012254e-01
1.2100000e+00,6.4753493e-01
1.2150000e+00,6.4495981e-01
1.2200000e+00,6.4239711e-01
1.2250000e+00,6.3984679e-01
1.2300000e+00,6.3730877e-01
1.2350000e+00,6.3478302e-01
1.2400000e+00,6.3226946e-01
1.2450000e+00,6.2976805e-01
1.2500000e+00,6.2727872e-01
1.2550000e+00,6.2480143e-01
1.2600000e+00,6.2233611e-01
1.2650000e+00,6.1988272e-01
1.2700000e+00,6.1744118e-01
1.2750000e+00,6.1501146e-01
1.2800000e+00,6.1259350e-01
1.2850000e+00,6.1018723e-01
1.2900000e+00,6.0779262e-01
1.2950000e+00,6.0540959e-01
1.3000000e+00,6.0303811e-01
1.3050000e+00,6.0067811e-01
1.3100000e+00,5.9832954e-01
1.3150000e+00,5.9599235e-01
1.3200000e+00,5.9366649e-01
1.3250000e+00,5.9135190e-01
1.3300000e+00,5.8904854e-01
1.3350000e+00,5.8675634e-01
1.3400000e+00,5.8447526e-01
1.3450000e+00,5.8220524e-01
1.3500000e+00,5.7994623e-01
1.3550000e+00,5.7769819e-01
1.3600000e+00,5.7546106e-01
1.3650000e+00,5.7323478e-01
1.3700000e+00,5.7101932e-01
1.3750000e+00,5.6881461e-01
1.3800000e+00,5.6662061e-01
1.3850000e+00,5.6443727e-01
1.3900000e+00,5.6226453e-01
1.3950000e+00,5.6010236e-01
1.4000000e+00,5.5795069e-01
1.4050000e+00,5.5580948e-01
1.4100000e+00,5.5367868e-01
1.4150000e+00,5.5155824e-01
1.4200000e+00,5.4944811e-01
1.4250000e+00,5.4734825e-01
1.4300000e+00,5.4525860e-01
1.4350000e+00,5.4317912e-01
1.4400000e+00,5.4110976e-01
1.4450000e+00,5.3905047e-01
1.4500000e+00,5.3700121e-01
1.4550000e+00,5.3496192e-01
1.4600000e+00,5.3293257e-01
1.4650000e+00,5.3091309e-01
1.4700000e+00,5.2890345e-01
1.4750000e+00,5.2690361e-01
1.4800000e+00,5.2491350e-01
1.4850000e+00,5.2293310e-01
1.4900000e+00,5.2096234e-01
1.4950000e+00,5.1900119e-01
1.5000000e+00,5.1704960e-01
1.5050000e+00,5.1510753e-01
1.5100000e+00,5.1317493e-01
1.5150000e+00,5.1125175e-01
1.5200000e+00,5.0933796e-01
1.5250000e+00,5.0743349e-01
1.5300000e+00,5.0553833e-01
1.5350000e+00,5.0365241e-01
1.5400000e+00,5.0177569e-01
1.5450000e+00,4.9990813e-01
1.5500000e+00,4.9804969e-01
1.5550000e+00,4.9620032e-01
1.5600000e+00,4.9435998e-01
1.5650000e+00,4.9252863e-01
1.5700000e+00,4.9070622e-01
1.5750000e+00,4.8889272e-01
1.5800000e+00,4.8708807e-01
1.5850000e+00,4.8529224e-01
1.5900000e+00,4.8350519e-01
1.5950000e+00,4.8172686e-01
1.6000000e+00,4.7995723e-01
1.6050000e+00,4.7819625e-01
1.6100000e+00,4.7644388e-01
1.6150000e+00,4.7470007e-01
1.6200000e+00,4.7296479e-01
1.6250000e+00,4.7123799e-01
1.6300000e+00,4.6951964e-01
1.6350000e+00,4.6780969e-01
1.6400000e+00,4.6610811e-01
1.6450000e+00,4.6441485e-01
1.6500000e+00,4.6272988e-01
1.6550000e+00,4.6105315e-01
1.6600000e+00,4.5938462e-01
1.6650000e+00,4.5772426e-01
1.6700000e+00,4.5607203e-01
1.6750000e+00,4.5442788e-01
1.6800000e+00,4.5279178e-01
1.6850000e+00,4.5116369e-01
1.6900000e+00,4.4954357e-01
1.6950000e+00,4.4793139e-01
1.7000000e+00,4.4632710e-01
1.7050000e+00,4.4473066e-01
1.7100000e+00,4.4314205e-01
1.7150000e+00,4.4156121e-01
1.7200000e+00,4.3998812e-01
1.7250000e+00,4.3842274e-01
1.7300000e+00,4.3686502e-01
1.7350000e+00,4.3531494e-01
1.7400000e+00,4.3377245e-01
1.7450000e+00,4.3223752e-01
1.7500000e+00,4.3071012e-01
1.7550000e+00,4.2919020e-01
1.7600000e+00,4.2767772e-01
1.7650000e+00,4.2617267e-01
1.7700000e+00,4.2467499e-01
1.7750000e+00,4.2318465e-01
1.7800000e+00,4.2170162e-01
1.7850000e+00,4.2022586e-01
1.7900000e+00,4.1875734e-01
1.7950000e+00,4.1729602e-01
1.8000000e+00,4.1584186e-01
1.8050000e+00,4.1439484e-01
1.8100000e+00,4.1295491e-01
1.8150000e+00,4.1152204e-01
1.8200000e+00,4.1009621e-01
1.8250000e+00,4.0867737e-01
1.8300000e+00,4.0726548e-01
1.8350000e+00,4.0586053e-01
1.8400000e+00,4.0446247e-01
1.8450000e+00,4.0307127e-01
1.8500000e+00,4.0168689e-01
1.8550000e+00,4.0030931e-01
1.8600000e+00,3.9893848e-01
1.8650000e+00,3.9757439e-01
1.8700000e+00,3.9621699e-01
1.8750000e+00,3.9486625e-01
1.8800000e+00,3.9352214e-01
1.8850000e+00,3.9218462e-01
1.8900000e+00,3.9085368e-01
1.8950000e+00,3.8952926e-01
1.9000000e+00,3.8821135e-01
1.9050000e+00,3.8689990e-01
1.9100000e+00,3.8559490e-01
1.9150000e+00,3.8429630e-01
1.9200000e+00,3.8300408e-01
1.9250000e+00,3.8171820e-01
1.9300000e+00,3.8043864e-01
1.9350000e+00,3.7916535e-01
1.9400000e+00,3.7789832e-01
1.9450000e+00,3.7663752e-01
1.9500000e+00,3.7538290e-01
1.9550000e+00,3.7413444e-01
1.9600000e+00,3.7289212e-01
1.9650000e+00,3.7165590e-01
1.9700000e+00,3.7042574e-01
1.9750000e+00,3.6920163e-01
1.9800000e+00,3.6798353e-01
1.9850000e+00,3.6677142e-01
1.9900000e+00,3.6556526e-01
1.9950000e+00,3.6436502e-01
2.0000000e+00,3.6317067e-01
2.0050000e+00,3.6198220e-01
2.0100000e+00,3.6079956e-01
2.0150000e+00,3.5962273e-01
2.0200000e+00,3.5845168e-01
2.0250000e+00,3.5728639e-01
2.0300000e+00,3.5612682e-01
2.0350000e+00,3.5497294e-01
2.0400000e+00,3.5382473e-01
2.0450000e+00,3.5268217e-01
2.0500000e+00,3.5154522e-01
2.0550000e+00,3.5041385e-01
2.0600000e+00,3.4928804e-01
2.0650000e+00,3.4816776e-01
2.0700000e+00,3.4705299e-01
2.0750000e+00,3.4594369e-01
2.0800000e+00,3.4483984e-01
2.0850000e+00,3.4374142e-01
2.0900000e+00,3.4264839e-01
2.0950000e+00,3.4156073e-01
2.1000000e+00,3.4047842e-01
2.1050000e+00,3.3940143e-01
2.1100000e+00,3.3832972e-01
2.1150000e+00,3.3726328e-01
2.1200000e+00,3.3620209e-01
2.1250000e+00,3.3514610e-01
2.1300000e+00,3.3409531e-01
2.1350000e+00,3.3304967e-01
2.1400000e+00,3.3200918e-01
2.1450000e+00,3.3097380e-01
2.1500000e+00,3.2994350e-01
2.1550000e+00,3.2891827e-01
2.1600000e+00,3.2789807e-01
2.1650000e+00,3.2688289e-01
2.1700000e+00,3.2587269e-01
2.1750000e+00,3.2486746e-01
2.1800000e+00,3.2386717e-01
2.1850000e+00,3.2287179e-01
2.1900000e+00,3.2188131e-01
2.1950000e+00,3.2089569e-01
2.2000000e+00,3.1991491e-01
2.2050000e+00,3.1893896e-01
2.2100000e+00,3.1796779e-01
2.2150000e+00,3.1700140e-01
2.2200000e+00,3.1603976e-01
2.2250000e+00,3.1508284e-01
2.2300000e+00,3.1413063e-01
2.2350000e+00,3.1318309e-01
2.2400000e+00,3.1224021e-01
2.2450000e+00,3.1130196e-01
2.2500000e+00,3.1036833e-01
2.2550000e+00,3.0943928e-01
2.2600000e+00,3.0851479e-01
2.2650000e+00,3.0759485e-01
2.2700000e+00,3.0667942e-01
2.2750000e+00,3.0576850e-01
2.2800000e+00,3.0486205e-01
2.2850000e+00,3.0396005e-01
2.2900000e+00,3.0306249e-01
2.2950000e+00,3.0216933e-01
2.3000000e+00,3.0128057e-01
2.3050000e+00,3.0039617e-01
2.3100000e+00,2.9951611e-01
2.3150000e+00,2.9864038e-01
2.3200000e+00,2.9776896e-01
2.3250000e+00,2.9690181e-01
2.3300000e+00,2.9603893e-01
2.3350000e+00,2.9518028e-01
2.3400000e+00,2.9432585e-01
2.3450000e+00,2.9347562e-01
2.3500000e+00,2.9262957e-01
2.3550000e+00,2.9178768e-01
2.3600000e+00,2.9094992e-01
2.3650000e+00,2.9011628e-01
2.3700000e+00,2.8928673e-01
2.3750000e+00,2.8846126e-01
2.3800000e+00,2.8763985e-01
2.3850000e+00,2.8682247e-01
2.3900000e+00,2.8600910e-01
2.3950000e+00,2.8519974e-01
2.4000000e+00,2.8439435e-01
2.4050000e+00,2.8359291e-01
2.4100000e+00,2.8279542e-01
2.4150000e+00,2.8200184e-01
2.4200000e+00,2.8121217e-01
2.4250000e+00,2.8042637e-01
2.4300000e+00,2.7964443e-01
2.4350000e+00,2.7886634e-01
2.4400000e+00,2.7809207e-01
2.4450000e+00,2.7732160e-01
2.4500000e+00,2.7655492e-01
2.4550000e+00,2.7579200e-01
2.4600000e+00,2.7503284e-01
2.4650000e+00,2.7427741e-01
2.4700000e+00,2.7352568e-01
2.4750000e+00,2.7277766e-01
2.4800000e+00,2.7203330e-01
2.4850000e+00,2.7129261e-01
2.4900000e+00,2.7055555e-01
2.4950000e+00,2.6982212e-01
2.5000000e+00,2.6909229e-01
2.5050000e+00,2.6836605e-01
2.5100000e+00,2.6764338e-01
2.5150000e+00,2.6692426e-01
2.5200000e+00,2.6620867e-01
2.5250000e+00,2.6549660e-01
2.5300000e+00,2.6478804e-01
2.5350000e+00,2.6408295e-01
2.5400000e+00,2.6338133e-01
2.5450000e+00,2.6268316e-01
2.5500000e+00,2.6198842e-01
2.5550000e+00,2.6129710e-01
2.5600000e+00,2.6060917e-01
2.5650000e+00,2.5992463e-01
2.5700000e+00,2.5924345e-01
2.5750000e+00,2.5856562e-01
2.5800000e+00,2.5789112e-01
2.5850000e+00,2.5721994e-01
2.5900000e+00,2.5655207e-01
2.5950000e+00,2.5588747e-01
2.6000000e+00,2.5522614e-01
2.6050000e+00,2.5456807e-01
2.6100000e+00,2.5391323e-01
2.6150000e+00,2.5326162e-01
2.6200000e+00,2.5261321e-01
2.6250000e+00,2.5196798e-01
2.6300000e+00,2.5132594e-01
2.6350000e+00,2.5068705e-01
2.6400000e+00,2.5005130e-01
2.6450000e+00,2.4941868e-01
2.6500000e+00,2.4878918e-01
2.6550000e+00,2.4816277e-01
2.6600000e+00,2.4753945e-01
2.6650000e+00,2.4691919e-01
2.6700000e+00,2.4630199e-01
2.6750000e+00,2.4568782e-01
2.6800000e+00,2.4507668e-01
2.6850000e+00,2.4446855e-01
2.6900000e+00,2.4386341e-01
2.6950000e+00,2.4326125e-01
2.7000000e+00,2.4266206e-01
2.7050000e+00,2.4206582e-01
2.7100000e+00,2.4147251e-01
2.7150000e+00,2.4088213e-01
2.7200000e+00,2.4029465e-01
2.7250000e+00,2.3971007e-01
2.7300000e+00,2.3912837e-01
2.7350000e+00,2.3854954e-01
2.7400000e+00,2.3797356e-01
2.7450000e+00,2.3740042e-01
2.7500000e+00,2.3683011e-01
2.7550000e+00,2.3626260e-01
2.7600000e+00,2.3569790e-01
2.7650000e+00,2.3513598e-01
2.7700000e+00,2.3457683e-01
2.7750000e+00,2.3402044e-01
2.7800000e+00,2.3346679e-01
2.7850000e+00,2.3291588e-01
2.7900000e+00,2.3236769e-01
2.7950000e+00,2.3182220e-01
2.8000000e+00,2.3127940e-01
2.8050000e+00,2.3073929e-01
2.8100000e+00,2.3020184e-01
2.8150000e+00,2.2966704e-01
2.8200000e+00,2.2913489e-01
2.8250000e+00,2.2860537e-01
2.8300000e+00,2.2807846e-01
2.8350000e+00,2.2755416e-01
2.8400000e+00,2.2703245e-01
2.8450000e+00,2.2651332e-01
2.8500000e+00,2.2599675e-01
2.8550000e+00,2.2548274e-01
2.8600000e+00,2.2497128e-01
2.8650000e+00,2.2446234e-01
2.8700000e+00,2.2395592e-01
2.8750000e+00,2.2345201e-01
2.8800000e+00,2.2295060e-01
2.8850000e+00,2.2245166e-01
2.8900000e+00,2.2195520e-01
2.8950000e+00,2.2146120e-01
2.9000000e+00,2.2096965e-01
2.9050000e+00,2.2048053e-01
2.9100000e+00,2.1999384e-01
2.9150000e+00,2.1950956e-01
2.9200000e+00,2.1902768e-01
2.9250000e+00,2.1854819e-01
2.9300000e+00,2.1807109e-01
2.9350000e+00,2.1759635e-01
2.9400000e+00,2.1712397e-01
2.9450000e+00,2.1665394e-01
2.9500000e+00,2.1618624e-01
2.9550000e+00,2.1572086e-01
2.9600000e+00,2.1525780e-01
2.9650000e+00,2.1479704e-01
2.9700000e+00,2.1433858e-01
2.9750000e+00,2.1388239e-01
2.9800000e+00,2.1342848e-01
2.9850000e+00,2.1297682e-01
2.9900000e+00,2.1252742e-01
2.9950000e+00,2.1208025e-01
3.0000000e+00,2.1163531e-01
3.0050000e+00,2.1119259e-01
3.0100000e+00,2.1075208e-01
3.0150000e+00,2.1031377e-01
3.0200000e+00,2.0987764e-01
3.0250000e+00,2.0944369e-01
3.0300000e+00,2.0901191e-01
3.0350000e+00,2.0858229e-01
3.0400000e+00,2.0815481e-01
3.0450000e+00,2.0772947e-01
3.0500000e+00,2.0730626e-01
3.0550000e+00,2.0688516e-01
3.0600000e+00,2.0646618e-01
3.0650000e+00,2.0604929e-01
3.0700000e+00,2.0563449e-01
3.0750000e+00,2.0522177e-01
3.0800000e+00,2.0481112e-01
3.0850000e+00,2.0440253e-01
3.0900000e+00,2.0399600e-01
3.0950000e+00,2.0359150e-01
3.1000000e+00,2.0318903e-01
3.1050000e+00,2.0278859e-01
3.1100000e+00,2.0239016e-01
3.1150000e+00,2.0199374e-01
3.1200000e+00,2.0159931e-01
3.1250000e+00,2.0120687e-01
3.1300000e+00,2.0081641e-01
3.1350000e+00,2.0042792e-01
3.1400000e+00,2.0004138e-01
3.1450000e+00,1.9965680e-01
3.1500000e+00,1.9927415e-01
3.1550000e+00,1.9889345e-01
3.1600000e+00,1.9851466e-01
3.1650000e+00,1.9813779e-01
3.1700000e+00,1.9776283e-01
3.1750000e+00,1.9738977e-01
3.1800000e+00,1.9701860e-01
3.1850000e+00,1.9664931e-01
3.1900000e+00,1.9628190e-01
3.1950000e+00,1.9591635e-01
3.2000000e+00,1.9555266e-01
3.2050000e+00,1.9519081e-01
3.2100000e+00,1.9483081e-01
3.2150000e+00,1.9447264e-01
3.2200000e+00,1.9411629e-01
3.2250000e+00,1.9376176e-01
3.2300000e+00,1.9340904e-01
3.2350000e+00,1.9305812e-01
3.2400000e+00,1.9270899e-01
3.2450000e+00,1.9236164e-01
3.2500000e+00,1.9201607e-01
3.2550000e+00,1.9167228e-01
3.2600000e+00,1.9133024e-01
3.2650000e+00,1.9098995e-01
3.2700000e+00,1.9065142e-01
3.2750000e+00,1.9031462e-01
3.2800000e+00,1.8997955e-01
3.2850000e+00,1.8964620e-01
3.2900000e+00,1.8931457e-01
3.2950000e+00,1.8898465e-01
3.3000000e+00,1.8865643e-01
3.3050000e+00,1.8832990e-01
3.3100000e+00,1.8800506e-01
3.3150000e+00,1.8768190e-01
3.3200000e+00,1.8736041e-01
3.3250000e+00,1.8704059e-01
3.3300000e+00,1.8672242e-01
3.3350000e+00,1.8640590e-01
3.3400000e+00,1.8609103e-01
3.3450000e+00,1.8577779e-01
3.3500000e+00,1.8546619e-01
3.3550000e+00,1.8515620e-01
3.3600000e+00,1.8484784e-01
3.3650000e+00,1.8454108e-01
3.3700000e+00,1.8423592e-01
3.3750000e+00,1.8393236e-01
3.3800000e+00,1.8363039e-01
3.3850000e+00,1.8333000e-01
3.3900000e+00,1.8303119e-01
3.3950000e+00,1.8273394e-01
3.4000000e+00,1.8243826e-01
3.4050000e+00,1.8214413e-01
3.4100000e+00,1.8185156e-01
3.4150000e+00,1.8156052e-01
3.4200000e+00,1.8127103e-01
3.4250000e+00,1.8098306e-01
3.4300000e+00,1.8069662e-01
3.4350000e+00,1.8041170e-01
3.4400000e+00,1.8012828e-01
3.4450000e+00,1.7984638e-01
3.4500000e+00,1.7956597e-01
3.4550000e+00,1.7928705e-01
3.4600000e+00,1.7900963e-01
3.4650000e+00,1.7873368e-01
3.4700000e+00,1.7845921e-01
3.4750000e+00,1.7818621e-01
3.4800000e+00,1.7791467e-01
3.4850000e+00,1.7764459e-01
3.4900000e+00,1.7737596e-01
3.4950000e+00,1.7710877e-01
3.5000000e+00,1.7684303e-01
3.5050000e+00,1.7657872e-01
3.5100000e+00,1.7631584e-01
3.5150000e+00,1.7605438e-01
3.5200000e+00,1.7579434e-01
3.5250000e+00,1.7553571e-01
3.5300000e+00,1.7527849e-01
3.5350000e+00,1.7502266e-01
3.5400000e+00,1.7476824e-01
3.5450000e+00,1.7451520e-01
3.5500000e+00,1.7426354e-01
3.5550000e+00,1.7401327e-01
3.5600000e+00,1.7376437e-01
3.5650000e+00,1.7351683e-01
3.5700000e+00,1.7327066e-01
3.5750000e+00,1.7302585e-01
3.5800000e+00,1.7278239e-01
3.5850000e+00,1.7254027e-01
3.5900000e+00,1.7229950e-01
3.5950000e+00,1.7206007e-01
3.6000000e+00,1.7182196e-01
3.6050000e+00,1.7158519e-01
3.6100000e+00,1.7134973e-01
3.6150000e+00,1.7111559e-01
3.6200000e+00,1.7088277e-01
3.6250000e+00,1.7065125e-01
3.6300000e+00,1.7042103e-01
3.6350000e+00,1.7019211e-01
3.6400000e+00,1.6996449e-01
3.6450000e+00,1.6973815e-01
3.6500000e+00,1.6951309e-01
3.6550000e+00,1.6928931e-01
3.6600000e+00,1.6906681e-01
3.6650000e+00,1.6884557e-01
3.6700000e+00,1.6862560e-01
3.6750000e+00,1.6840689e-01
3.6800000e+00,1.6818943e-01
3.6850000e+00,1.6797322e-01
3.6900000e+00,1.6775826e-01
3.6950000e+00,1.6754454e-01
3.7000000e+00,1.6733206e-01
3.7050000e+00,1.6712081e-01
3.7100000e+00,1.6691078e-01
3.7150000e+00,1.6670199e-01
3.7200000e+00,1.6649441e-01
3.7250000e+00,1.6628804e-01
3.7300000e+00,1.6608289e-01
3.7350000e+00,1.6587894e-01
3.7400000e+00,1.6567620e-01
3.7450000e+00,1.6547465e-01
3.7500000e+00,1.6527430e-01
3.7550000e+00,1.6507514e-01
3.7600000e+00,1.6487716e-01
3.7650000e+00,1.6468037e-01
3.7700000e+00,1.6448475e-01
3.7750000e+00,1.6429031e-01
3.7800000e+00,1.6409704e-01
3.7850000e+00,1.6390493e-01
3.7900000e+00,1.6371399e-01
3.7950000e+00,1.6352420e-01
3.8000000e+00,1.6333556e-01
3.8050000e+00,1.6314808e-01
3.8100000e+00,1.6296174e-01
3.8150000e+00,1.6277655e-01
3.8200000e+00,1.6259250e-01
3.8250000e+00,1.6240957e-01
3.8300000e+00,1.6222779e-01
3.8350000e+00,1.6204712e-01
3.8400000e+00,1.6186759e-01
3.8450000e+00,1.6168917e-01
3.8500000e+00,1.6151187e-01
3.8550000e+00,1.6133568e-01
3.8600000e+00,1.6116061e-01
3.8650000e+00,1.6098663e-01
3.8700000e+00,1.6081377e-01
3.8750000e+00,1.6064200e-01
3.8800000e+00,1.6047132e-01
3.8850000e+00,1.6030174e-01
3.8900000e+00,1.6013325e-01
3.8950000e+00,1.5996584e-01
3.9000000e+00,1.5979951e-01
3.9050000e+00,1.5963427e-01
3.9100000e+00,1.5947009e-01
3.9150000e+00,1.5930700e-01
3.9200000e+00,1.5914496e-01
3.9250000e+00,1.5898400e-01
3.9300000e+00,1.5882410e-01
3.9350000e+00,1.5866525e-01
3.9400000e+00,1.5850747e-01
3.9450000e+00,1.5835073e-01
3.9500000e+00,1.5819505e-01
3.9550000e+00,1.5804041e-01
3.9600000e+00,1.5788682e-01
3.9650000e+00,1.5773426e-01
3.9700000e+00,1.5758275e-01
3.9750000e+00,1.5743227e-01
3.9800000e+00,1.5728282e-01
3.9850000e+00,1.5713439e-01
3.9900000e+00,1.5698700e-01
3.9950000e+00,1.5684063e-01
4.0000000e+00,1.5669527e-01
4.0050000e+00,1.5655094e-01
4.0100000e+00,1.5640762e-01
4.0150000e+00,1.5626531e-01
4.0200000e+00,1.5612401e-01
4.0250000e+00,1.5598371e-01
4.0300000e+00,1.5584442e-01
4.0350000e+00,1.5570613e-01
4.0400000e+00,1.5556883e-01
4.0450000e+00,1.5543254e-01
4.0500000e+00,1.5529723e-01
4.0550000e+00,1.5516291e-01
4.0600000e+00,1.5502958e-01
4.0650000e+00,1.5489724e-01
4.0700000e+00,1.5476587e-01
4.0750000e+00,1.5463549e-01
4.0800000e+00,1.5450608e-01
4.0850000e+00,1.5437765e-01
4.0900000e+00,1.5425019e-01
4.0950000e+00,1.5412369e-01
4.1000000e+00,1.5399817e-01
4.1050000e+00,1.5387361e-01
4.1100000e+00,1.5375001e-01
4.1150000e+00,1.5362737e-01
4.1200000e+00,1.5350569e-01
4.1250000e+00,1.5338496e-01
4.1300000e+00,1.5326518e-01
4.1350000e+00,1.5314636e-01
4.1400000e+00,1.5302848e-01
4.1450000e+00,1.5291155e-01
4.1500000e+00,1.5279557e-01
4.1550000e+00,1.5268052e-01
4.1600000e+00,1.5256641e-01
4.1650000e+00,1.5245324e-01
4.1700000e+00,1.5234100e-01
4.1750000e+00,1.5222970e-01
4.1800000e+00,1.5211933e-01
4.1850000e+00,1.5200988e-01
4.1900000e+00,1.5190136e-01
4.1950000e+00,1.5179377e-01
4.2000000e+00,1.5168709e-01
4.2050000e+00,1.5158134e-01
4.2100000e+00,1.5147651e-01
4.2150000e+00,1.5137259e-01
4.2200000e+00,1.5126958e-01
4.2250000e+00,1.5116749e-01
4.2300000e+00,1.5106630e-01
4.2350000e+00,1.5096603e-01
4.2400000e+00,1.5086665e-01
4.2450000e+00,1.5076819e-01
4.2500000e+00,1.5067062e-01
4.2550000e+00,1.5057396e-01
4.2600000e+00,1.5047820e-01
4.2650000e+00,1.5038333e-01
4.2700000e+00,1.5028935e-01
4.2750000e+00,1.5019627e-01
4.2800000e+00,1.5010408e-01
4.2850000e+00,1.5001278e-01
4.2900000e+00,1.4992237e-01
4.2950000e+00,1.4983285e-01
4.3000000e+00,1.4974420e-01
4.3050000e+00,1.4965644e-01
4.3100000e+00,1.4956957e-01
4.3150000e+00,1.4948357e-01
4.3200000e+00,1.4939845e-01
4.3250000e+00,1.4931420e-01
4.3300000e+00,1.4923083e-01
4.3350000e+00,1.4914833e-01
4.3400000e+00,1.4906671e-01
4.3450000e+00,1.4898595e-01
4.3500000e+00,1.4890606e-01
4.3550000e+00,1.4882704e-01
4.3600000e+00,1.4874888e-01
4.3650000e+00,1.4867158e-01
4.3700000e+00,1.4859515e-01
4.3750000e+00,1.4851958e-01
4.3800000e+00,1.4844487e-01
4.3850000e+00,1.4837101e-01
4.3900000e+00,1.4829801e-01
4.3950000e+00,1.4822587e-01
4.4000000e+00,1.4815458e-01
4.4050000e+00,1.4808414e-01
4.4100000e+00,1.4801455e-01
4.4150000e+00,1.4794581e-01
4.4200000e+00,1.4787792e-01
4.4250000e+00,1.4781087e-01
4.4300000e+00,1.4774467e-01
4.4350000e+00,1.4767932e-01
4.4400000e+00,1.4761480e-01
4.4450000e+00,1.4755113e-01
4.4500000e+00,1.4748830e-01
4.4550000e+00,1.4742631e-01
4.4600000e+00,1.4736515e-01
4.4650000e+00,1.4730483e-01
4.4700000e+00,1.4724535e-01
4.4750000e+00,1.4718670e-01
4.4800000e+00,1.4712889e-01
4.4850000e+00,1.4707190e-01
4.4900000e+00,1.4701575e-01
4.4950000e+00,1.4696042e-01
4.5000000e+00,1.4690592e-01
4.5050000e+00,1.4685225e-01
4.5100000e+00,1.4679941e-01
4.5150000e+00,1.4674739e-01
4.5200000e+00,1.4669620e-01
4.5250000e+00,1.4664583e-01
4.5300000e+00,1.4659628e-01
4.5350000e+00,1.4654755e-01
4.5400000e+00,1.4649964e-01
4.5450000e+00,1.4645255e-01
4.5500000e+00,1.4640627e-01
4.5550000e+00,1.4636082e-01
4.5600000e+00,1.4631618e-01
4.5650000e+00,1.4627235e-01
4.5700000e+00,1.4622934e-01
4.5750000e+00,1.4618714e-01
4.5800000e+00,1.4614576e-01
4.5850000e+00,1.4610518e-01
4.5900000e+00,1.4606541e-01
4.5950000e+00,1.4602646e-01
4.6000000e+00,1.4598831e-01
4.6050000e+00,1.4595097e-01
4.6100000e+00,1.4591444e-01
4.6150000e+00,1.4587871e-01
4.6200000e+00,1.4584379e-01
4.6250000e+00,1.4580967e-01
4.6300000e+00,1.4577635e-01
4.6350000e+00,1.4574384e-01
4.6400000e+00,1.4571213e-01
4.6450000e+00,1.4568122e-01
4.6500000e+00,1.4565111e-01
4.6550000e+00,1.4562180e-01
4.6600000e+00,1.4559328e-01
4.6650000e+00,1.4556557e-01
4.6700000e+00,1.4553865e-01
4.6750000e+00,1.4551253e-01
4.6800000e+00,1.4548721e-01
4.6850000e+00,1.4546268e-01
4.6900000e+00,1.4543894e-01
4.6950000e+00,1.4541600e-01
4.7000000e+00,1.4539385e-01
4.7050000e+00,1.4537250e-01
4.7100000e+00,1.4535193e-01
4.7150000e+00,1.4533216e-01
4.7200000e+00,1.4531318e-01
4.7250000e+00,1.4529498e-01
4.7300000e+00,1.4527758e-01
4.7350000e+00,1.4526096e-01
4.7400000e+00,1.4524514e-01
4.7450000e+00,1.4523009e-01
4.7500000e+00,1.4521584e-01
4.7550000e+00,1.4520237e-01
4.7600000e+00,1.4518969e-01
4.7650000e+00,1.4517779e-01
4.7700000e+00,1.4516668e-01
4.7750000e+00,1.4515635e-01
4.7800000e+00,1.4514681e-01
4.7850000e+00,1.4513805e-01
4.7900000e+00,1.4513006e-01
4.7950000e+00,1.4512287e-01
4.8000000e+00,1.4511645e-01
4.8050000e+00,1.4511081e-01
4.8100000e+00,1.4510596e-01
4.8150000e+00,1.4510188e-01
4.8200000e+00,1.4509858e-01
4.8250000e+00,1.4509607e-01
4.8300000e+00,1.4509433e-01
4.8350000e+00,1.4509337e-01
4.8400000e+00,1.4509318e-01
4.8450000e+00,1.4509378e-01
4.8500000e+00,1.4509514e-01
4.8550000e+00,1.4509729e-01
4.8600000e+00,1.4510021e-01
4.8650000e+00,1.4510391e-01
4.8700000e+00,1.4510838e-01
4.8750000e+00,1.4511363e-01
4.8800000e+00,1.4511965e-01
4.8850000e+00,1.4512644e-01
4.8900000e+00,1.4513401e-01
4.8950000e+00,1.4514235e-01
4.9000000e+00,1.4515146e-01
4.9050000e+00,1.4516135e-01
4.9100000e+00,1.4517200e-01
4.9150000e+00,1.4518343e-01
4.9200000e+00,1.4519563e-01
4.9250000e+00,1.4520860e-01
4.9300000e+00,1.4522234e-01
4.9350000e+00,1.4523685e-01
4.9400000e+00,1.4525213e-01
4.9450000e+00,1.4526818e-01
4.9500000e+00,1.4528500e-01
4.9550000e+00,1.4530259e-01
4.9600000e+00,1.4532094e-01
4.9650000e+00,1.4534007e-01
4.9700000e+00,1.4535996e-01
4.9750000e+00,1.4538062e-01
4.9800000e+00,1.4540204e-01
4.9850000e+00,1.4542423e-01
4.9900000e+00,1.4544719e-01
4.9950000e+00,1.4547092e-01
5.0000000e+00,1.4549541e-01
5.0050000e+00,1.4552066e-01
5.0100000e+00,1.4554669e-01
5.0150000e+00,1.4557347e-01
5.0200000e+00,1.4560102e-01
5.0250000e+00,1.4562934e-01
5.0300000e+00,1.4565842e-01
5.0350000e+00,1.4568826e-01
5.0400000e+00,1.4571887e-01
5.0450000e+00,1.4575024e-01
5.0500000e+00,1.4578237e-01
5.0550000e+00,1.4581527e-01
5.0600000e+00,1.4584893e-01
5.0650000e+00,1.4588335e-01
5.0700000e+00,1.4591853e-01
5.0750000e+00,1.4595447e-01
5.0800000e+00,1.4599118e-01
5.0850000e+00,1.4602864e-01
5.0900000e+00,1.4606687e-01
5.0950000e+00,1.4610586e-01
5.1000000e+00,1.4614561e-01
5.1050000e+00,1.4618611e-01
5.1100000e+00,1.4622738e-01
5.1150000e+00,1.4626941e-01
5.1200000e+00,1.4631219e-01
5.1250000e+00,1.4635574e-01
5.1300000e+00,1.4640004e-01
5.1350000e+00,1.4644510e-01
5.1400000e+00,1.4649092e-01
5.1450000e+00,1.4653750e-01
5.1500000e+00,1.4658484e-01
5.1550000e+00,1.4663293e-01
5.1600000e+00,1.4668178e-01
5.1650000e+00,1.4673138e-01
5.1700000e+00,1.4678175e-01
5.1750000e+00,1.4683287e-01
5.1800000e+00,1.4688474e-01
5.1850000e+00,1.4693737e-01
5.1900000e+00,1.4699076e-01
5.1950000e+00,1.4704490e-01
5.2000000e+00,1.4709979e-01
5.2050000e+00,1.4715544e-01
5.2100000e+00,1.4721184e-01
5.2150000e+00,1.4726900e-01
5.2200000e+00,1.4732691e-01
5.2250000e+00,1.4738558e-01
5.2300000e+00,1.4744499e-01
5.2350000e+00,1.4750516e-01
5.2400000e+00,1.4756608e-01
5.2450000e+00,1.4762776e-01
5.2500000e+00,1.4769018e-01
5.2550000e+00,1.4775336e-01
5.2600000e+00,1.4781729e-01
5.2650000e+00,1.4788196e-01
5.2700000e+00,1.4794739e-01
5.2750000e+00,1.4801357e-01
5.2800000e+00,1.4808050e-01
5.2850000e+00,1.4814817e-01
5.2900000e+00,1.4821660e-01
5.2950000e+00,1.4828577e-01
5.3000000e+00,1.4835569e-01
5.3050000e+00,1.4842636e-01
5.3100000e+00,1.4849778e-01
5.3150000e+00,1.4856994e-01
5.3200000e+00,1.4864285e-01
5.3250000e+00,1.4871651e-01
5.3300000e+00,1.4879091e-01
5.3350000e+00,1.4886606e-01
5.3400000e+00,1.4894195e-01
5.3450000e+00,1.4901858e-01
5.3500000e+00,1.4909596e-01
5.3550000e+00,1.4917409e-01
5.3600000e+00,1.4925295e-01
5.3650000e+00,1.4933256e-01
5.3700000e+00,1.4941291e-01
5.3750000e+00,1.4949400e-01
5.3800000e+00,1.4957583e-01
5.3850000e+00,1.4965841e-01
5.3900000e+00,1.4974172e-01
5.3950000e+00,1.4982577e-01
5.4000000e+00,1.4991056e-01
5.4050000e+00,1.4999609e-01
5.4100000e+00,1.5008236e-01
5.4150000e+00,1.5016936e-01
5.4200000e+00,1.5025710e-01
5.4250000e+00,1.5034558e-01
5.4300000e+00,1.5043479e-01
5.4350000e+00,1.5052474e-01
5.4400000e+00,1.5061542e-01
5.4450000e+00,1.5070684e-01
5.4500000e+00,1.5079899e-01
5.4550000e+00,1.5089187e-01
5.4600000e+00,1.5098548e-01
5.4650000e+00,1.5107983e-01
5.4700000e+00,1.5117490e-01
5.4750000e+00,1.5127070e-01
5.4800000e+00,1.5136724e-01
5.4850000e+00,1.5146450e-01
5.4900000e+00,1.5156248e-01
5.4950000e+00,1.5166120e-01
5.5000000e+00,1.5176064e-01
5.5050000e+00,1.5186081e-01
5.5100000e+00,1.5196170e-01
5.5150000e+00,1.5206331e-01
5.5200000e+00,1.5216565e-01
5.5250000e+00,1.5226871e-01
5.5300000e+00,1.5237249e-01
5.5350000e+00,1.5247699e-01
5.5400000e+00,1.5258220e-01
5.5450000e+00,1.5268814e-01
5.5500000e+00,1.5279480e-01
5.5550000e+00,1.5290217e-01
5.5600000e+00,1.5301026e-01
5.5650000e+00,1.5311906e-01
5.5700000e+00,1.5322858e-01
5.5750000e+00,1.5333881e-01
5.5800000e+00,1.5344975e-01
5.5850000e+00,1.5356140e-01
5.5900000e+00,1.5367376e-01
5.5950000e+00,1.5378683e-01
5.6000000e+00,1.5390061e-01
5.6050000e+00,1.5401510e-01
5.6100000e+00,1.5413029e-01
5.6150000e+00,1.5424618e-01
5.6200000e+00,1.5436278e-01
5.6250000e+00,1.5448008e-01
5.6300000e+00,1.5459808e-01
5.6350000e+00,1.5471679e-01
5.6400000e+00,1.5483619e-01
5.6450000e+00,1.5495628e-01
5.6500000e+00,1.5507708e-01
5.6550000e+00,1.5519857e-01
5.6600000e+00,1.5532075e-01
5.6650000e+00,1.5544362e-01
5.6700000e+00,1.5556719e-01
5.6750000e+00,1.5569144e-01
5.6800000e+00,1.5581638e-01
5.6850000e+00,1.5594201e-01
5.6900000e+00,1.5606833e-01
5.6950000e+00,1.5619533e-01
5.7000000e+00,1.5632301e-01
5.7050000e+00,1.5645138e-01
5.7100000e+00,1.5658042e-01
5.7150000e+00,1.5671014e-01
5.7200000e+00,1.5684054e-01
5.7250000e+00,1.5697161e-01
5.7300000e+00,1.5710336e-01
5.7350000e+00,1.5723578e-01
5.7400000e+00,1.5736887e-01
5.7450000e+00,1.5750263e-01
5.7500000e+00,1.5763705e-01
5.7550000e+00,1.5777214e-01
5.7600000e+00,1.5790790e-01
5.7650000e+00,1.5804432e-01
5.7700000e+00,1.5818139e-01
5.7750000e+00,1.5831913e-01
5.7800000e+00,1.5845752e-01
5.7850000e+00,1.5859657e-01
5.7900000e+00,1.5873627e-01
5.7950000e+00,1.5887662e-01
5.8000000e+00,1.5901762e-01
5.8050000e+00,1.5915927e-01
5.8100000e+00,1.5930156e-01
5.8150000e+00,1.5944450e-01
5.8200000e+00,1.5958808e-01
5.8250000e+00,1.5973230e-01
5.8300000e+00,1.5987715e-01
5.8350000e+00,1.6002264e-01
5.8400000e+00,1.6016877e-01
5.8450000e+00,1.6031553e-01
5.8500000e+00,1.6046291e-01
5.8550000e+00,1.6061092e-01
5.8600000e+00,1.6075956e-01
5.8650000e+00,1.6090882e-01
5.8700000e+00,1.6105870e-01
5.8750000e+00,1.6120920e-01
5.8800000e+00,1.6136031e-01
5.8850000e+00,1.6151204e-01
5.8900000e+00,1.6166438e-01
5.8950000e+00,1.6181733e-01
5.9000000e+00,1.6197088e-01
5.9050000e+00,1.6212504e-01
5.9100000e+00,1.6227980e-01
5.9150000e+00,1.6243516e-01
5.9200000e+00,1.6259112e-01
5.9250000e+00,1.6274767e-01
5.9300000e+00,1.6290481e-01
5.9350000e+00,1.6306254e-01
5.9400000e+00,1.6322086e-01
5.9450000e+00,1.6337976e-01
5.9500000e+00,1.6353924e-01
5.9550000e+00,1.6369930e-01
5.9600000e+00,1.6385994e-01
5.9650000e+00,1.6402115e-01
5.9700000e+00,1.6418293e-01
5.9750000e+00,1.6434528e-01
5.9800000e+00,1.6450819e-01
5.9850000e+00,1.6467166e-01
5.9900000e+00,1.6483569e-01
5.9950000e+00,1.6500028e-01
6.0000000e+00,1.6516542e-01
6.0050000e+00,1.6533111e-01
6.0100000e+00,1.6549735e-01
6.0150000e+00,1.6566414e-01
6.0200000e+00,1.6583146e-01
6.0250000e+00,1.6599932e-01
6.0300000e+00,1.6616772e-01
6.0350000e+00,1.6633664e-01
6.0400000e+00,1.6650610e-01
6.0450000e+00,1.6667608e-01
6.0500000e+00,1.6684659e-01
6.0550000e+00,1.6701761e-01
6.0600000e+00,1.6718915e-01
6.0650000e+00,1.6736120e-01
6.0700000e+00,1.6753376e-01
6.0750000e+00,1.6770683e-01
6.0800000e+00,1.6788039e-01
6.0850000e+00,1.6805446e-01
6.0900000e+00,1.6822902e-01
6.0950000e+00,1.6840408e-01
6.1000000e+00,1.6857962e-01
6.1050000e+00,1.6875565e-01
6.1100000e+00,1.6893216e-01
6.1150000e+00,1.6910914e-01
6.1200000e+00,1.6928661e-01
6.1250000e+00,1.6946454e-01
6.1300000e+00,1.6964294e-01
6.1350000e+00,1.6982180e-01
6.1400000e+00,1.7000112e-01
6.1450000e+00,1.7018090e-01
6.1500000e+00,1.7036112e-01
6.1550000e+00,1.7054180e-01
6.1600000e+00,1.7072292e-01
6.1650000e+00,1.7090449e-01
6.1700000e+00,1.7108648e-01
6.1750000e+00,1.7126892e-01
6.1800000e+00,1.7145178e-01
6.1850000e+00,1.7163506e-01
6.1900000e+00,1.7181877e-01
6.1950000e+00,1.7200289e-01
6.2000000e+00,1.7218743e-01
6.2050000e+00,1.7237237e-01
6.2100000e+00,1.7255772e-01
6.2150000e+00,1.7274347e-01
6.2200000e+00,1.7292961e-01
6.2250000e+00,1.7311615e-01
6.2300000e+00,1.7330308e-01
6.2350000e+00,1.7349039e-01
6.2400000e+00,1.7367808e-01
6.2450000e+00,1.7386614e-01
6.2500000e+00,1.7405458e-01
6.2550000e+00,1.7424338e-01
6.2600000e+00,1.7443254e-01
6.2650000e+00,1.7462207e-01
6.2700000e+00,1.7481194e-01
6.2750000e+00,1.7500217e-01
6.2800000e+00,1.7519274e-01
6.2850000e+00,1.7538365e-01
6.2900000e+00,1.7557490e-01
6.2950000e+00,1.7576647e-01
6.3000000e+00,1.7595838e-01
6.3050000e+00,1.7615060e-01
6.3100000e+00,1.7634315e-01
6.3150000e+00,1.7653600e-01
6.3200000e+00,1.7672917e-01
6.3250000e+00,1.7692264e-01
6.3300000e+00,1.7711641e-01
6.3350000e+00,1.7731047e-01
6.3400000e+00,1.7750482e-01
6.3450000e+00,1.7769946e-01
6.3500000e+00,1.7789438e-01
6.3550000e+00,1.7808957e-01
6.3600000e+00,1.7828504e-01
6.3650000e+00,1.7848077e-01
6.3700000e+00,1.7867676e-01
6.3750000e+00,1.7887301e-01
6.3800000e+00,1.7906951e-01
6.3850000e+00,1.7926625e-01
6.3900000e+00,1.7946324e-01
6.3950000e+00,1.7966046e-01
6.4000000e+00,1.7985792e-01
6.4050000e+00,1.8005560e-01
6.4100000e+00,1.8025351e-01
6.4150000e+00,1.8045163e-01
6.4200000e+00,1.8064997e-01
6.4250000e+00,1.8084851e-01
6.4300000e+00,1.8104725e-01
6.4350000e+00,1.8124619e-01
6.4400000e+00,1.8144533e-01
6.4450000e+00,1.8164465e-01
6.4500000e+00,1.8184415e-01
6.4550000e+00,1.8204383e-01
6.4600000e+00,1.8224368e-01
6.4650000e+00,1.8244370e-01
6.4700000e+00,1.8264387e-01
6.4750000e+00,1.8284421e-01
6.4800000e+00,1.8304470e-01
6.4850000e+00,1.8324533e-01
6.4900000e+00,1.8344610e-01
6.4950000e+00,1.8364701e-01
6.5000000e+00,1.8384805e-01
6.5050000e+00,1.8404922e-01
6.5100000e+00,1.8425050e-01
6.5150000e+00,1.8445191e-01
6.5200000e+00,1.8465342e-01
6.5250000e+00,1.8485503e-01
6.5300000e+00,1.8505675e-01
6.5350000e+00,1.8525856e-01
6.5400000e+00,1.8546046e-01
6.5450000e+00,1.8566244e-01
6.5500000e+00,1.8586450e-01
6.5550000e+00,1.8606664e-01
6.5600000e+00,1.8626884e-01
6.5650000e+00,1.8647111e-01
6.5700000e+00,1.8667343e-01
6.5750000e+00,1.8687580e-01
6.5800000e+00,1.8707823e-01
6.5850000e+00,1.8728069e-01
6.5900000e+00,1.8748319e-01
6.5950000e+00,1.8768573e-01
6.6000000e+00,1.8788829e-01
6.6050000e+00,1.8809087e-01
6.6100000e+00,1.8829346e-01
6.6150000e+00,1.8849607e-01
6.6200000e+00,1.8869868e-01
6.6250000e+00,1.8890129e-01
6.6300000e+00,1.8910390e-01
6.6350000e+00,1.8930650e-01
6.6400000e+00,1.8950908e-01
6.6450000e+00,1.8971164e-01
6.6500000e+00,1.8991417e-01
6.6550000e+00,1.9011667e-01
6.6600000e+00,1.9031914e-01
6.6650000e+00,1.9052156e-01
6.6700000e+00,1.9072394e-01
6.6750000e+00,1.9092626e-01
6.6800000e+00,1.9112853e-01
6.6850000e+00,1.9133073e-01
6.6900000e+00,1.9153287e-01
6.6950000e+00,1.9173494e-01
6.7000000e+00,1.9193692e-01
6.7050000e+00,1.9213883e-01
6.7100000e+00,1.9234064e-01
6.7150000e+00,1.9254236e-01
6.7200000e+00,1.9274399e-01
6.7250000e+00,1.9294551e-01
6.7300000e+00,1.9314692e-01
6.7350000e+00,1.9334822e-01
6.7400000e+00,1.9354940e-01
6.7450000e+00,1.9375046e-01
6.7500000e+00,1.9395138e-01
6.7550000e+00,1.9415218e-01
6.7600000e+00,1.9435284e-01
6.7650000e+00,1.9455335e-01
6.7700000e+00,1.9475371e-01
6.7750000e+00,1.9495392e-01
6.7800000e+00,1.9515398e-01
6.7850000e+00,1.9535387e-01
6.7900000e+00,1.9555359e-01
6.7950000e+00,1.9575314e-01
6.8000000e+00,1.9595251e-01
6.8050000e+00,1.9615170e-01
6.8100000e+00,1.9635070e-01
6.8150000e+00,1.9654951e-01
6.8200000e+00,1.9674812e-01
6.8250000e+00,1.9694654e-01
6.8300000e+00,1.9714474e-01
6.8350000e+00,1.9734274e-01
6.8400000e+00,1.9754052e-01
6.8450000e+00,1.9773808e-01
6.8500000e+00,1.9793541e-01
6.8550000e+00,1.9813252e-01
6.8600000e+00,1.9832939e-01
6.8650000e+00,1.9852603e-01
6.8700000e+00,1.9872242e-01
6.8750000e+00,1.9891856e-01
6.8800000e+00,1.9911446e-01
6.8850000e+00,1.9931009e-01
6.8900000e+00,1.9950547e-01
6.8950000e+00,1.9970058e-01
6.9000000e+00,1.9989543e-01
6.9050000e+00,2.0009000e-01
6.9100000e+00,2.0028429e-01
6.9150000e+00,2.0047830e-01
6.9200000e+00,2.0067202e-01
6.9250000e+00,2.0086546e-01
6.9300000e+00,2.0105860e-01
6.9350000e+00,2.0125144e-01
6.9400000e+00,2.0144398e-01
6.9450000e+00,2.0163621e-01
6.9500000e+00,2.0182814e-01
6.9550000e+00,2.0201974e-01
6.9600000e+00,2.0221103e-01
6.9650000e+00,2.0240200e-01
6.9700000e+00,2.0259264e-01
6.9750000e+00,2.0278295e-01
6.9800000e+00,2.0297293e-01
6.9850000e+00,2.0316257e-01
6.9900000e+00,2.0335187e-01
6.9950000e+00,2.0354082e-01
7.0000000e+00,2.0372942e-01
7.0050000e+00,2.0391767e-01
7.0100000e+00,2.0410557e-01
7.0150000e+00,2.0429311e-01
7.0200000e+00,2.0448028e-01
7.0250000e+00,2.0466709e-01
7.0300000e+00,2.0485352e-01
7.0350000e+00,2.0503959e-01
7.0400000e+00,2.0522527e-01
7.0450000e+00,2.0541058e-01
7.0500000e+00,2.0559550e-01
7.0550000e+00,2.0578004e-01
7.0600000e+00,2.0596419e-01
7.0650000e+00,2.0614794e-01
7.0700000e+00,2.0633130e-01
7.0750000e+00,2.0651426e-01
7.0800000e+00,2.0669681e-01
7.0850000e+00,2.0687896e-01
7.0900000e+00,2.0706071e-01
7.0950000e+00,2.0724204e-01
7.1000000e+00,2.0742295e-01
7.1050000e+00,2.0760345e-01
7.1100000e+00,2.0778354e-01
7.1150000e+00,2.0796319e-01
7.1200000e+00,2.0814243e-01
7.1250000e+00,2.0832123e-01
7.1300000e+00,2.0849960e-01
7.1350000e+00,2.0867755e-01
7.1400000e+00,2.0885505e-01
7.1450000e+00,2.0903212e-01
7.1500000e+00,2.0920874e-01
7.1550000e+00,2.0938492e-01
7.1600000e+00,2.0956066e-01
7.1650000e+00,2.0973595e-01
7.1700000e+00,2.0991079e-01
7.1750000e+00,2.1008517e-01
7.1800000e+00,2.1025910e-01
7.1850000e+00,2.1043258e-01
7.1900000e+00,2.1060559e-01
7.1950000e+00,2.1077814e-01
7.2000000e+00,2.1095023e-01
7.2050000e+00,2.1112185e-01
7.2100000e+00,2.1129301e-01
7.2150000e+00,2.1146369e-01
7.2200000e+00,2.1163391e-01
7.2250000e+00,2.1180365e-01
7.2300000e+00,2.1197292e-01
7.2350000e+00,2.1214170e-01
7.2400000e+00,2.1231001e-01
7.2450000e+00,2.1247784e-01
7.2500000e+00,2.1264519e-01
7.2550000e+00,2.1281206e-01
7.2600000e+00,2.1297843e-01
7.2650000e+00,2.1314433e-01
7.2700000e+00,2.1330973e-01
7.2750000e+00,2.1347464e-01
7.2800000e+00,2.1363907e-01
7.2850000e+00,2.1380300e-01
7.2900000e+00,2.1396643e-01
7.2950000e+00,2.1412937e-01
7.3000000e+00,2.1429182e-01
7.3050000e+00,2.1445376e-01
7.3100000e+00,2.1461521e-01
7.3150000e+00,2.1477616e-01
7.3200000e+00,2.1493660e-01
7.3250000e+00,2.1509655e-01
7.3300000e+00,2.1525599e-01
7.3350000e+00,2.1541492e-01
7.3400000e+00,2.1557335e-01
7.3450000e+00,2.1573128e-01
7.3500000e+00,2.1588869e-01
7.3550000e+00,2.1604560e-01
7.3600000e+00,2.1620200e-01
7.3650000e+00,2.1635789e-01
7.3700000e+00,2.1651327e-01
7.3750000e+00,2.1666814e-01
7.3800000e+00,2.1682250e-01
7.3850000e+00,2.1697635e-01
7.3900000e+00,2.1712968e-01
7.3950000e+00,2.1728250e-01
7.4000000e+00,2.1743481e-01
7.4050000e+00,2.1758660e-01
7.4100000e+00,2.1773787e-01
7.4150000e+00,2.1788864e-01
7.4200000e+00,2.1803888e-01
7.4250000e+00,2.1818861e-01
7.4300000e+00,2.1833782e-01
7.4350000e+00,2.1848652e-01
7.4400000e+00,2.1863470e-01
7.4450000e+00,2.1878237e-01
7.4500000e+00,2.1892951e-01
7.4550000e+00,2.1907614e-01
7.4600000e+00,2.1922225e-01
7.4650000e+00,2.1936785e-01
7.4700000e+00,2.1951292e-01
7.4750000e+00,2.1965748e-01
7.4800000e+00,2.1980152e-01
7.4850000e+00,2.1994504e-01
7.4900000e+00,2.2008805e-01
7.4950000e+00,2.2023054e-01
7.5000000e+00,2.2037251e-01
7.5050000e+00,2.2051396e-01
7.5100000e+00,2.2065490e-01
7.5150000e+00,2.2079532e-01
7.5200000e+00,2.2093523e-01
7.5250000e+00,2.2107461e-01
7.5300000e+00,2.2121349e-01
7.5350000e+00,2.2135184e-01
7.5400000e+00,2.2148968e-01
7.5450000e+00,2.2162701e-01
7.5500000e+00,2.2176382e-01
7.5550000e+00,2.2190012e-01
7.5600000e+00,2.2203590e-01
7.5650000e+00,2.2217117e-01
7.5700000e+00,2.2230593e-01
7.5750000e+00,2.2244018e-01
7.5800000e+00,2.2257391e-01
7.5850000e+00,2.2270713e-01
7.5900000e+00,2.2283985e-01
7.5950000e+00,2.2297205e-01
7.6000000e+00,2.2310374e-01
7.6050000e+00,2.2323493e-01
7.6100000e+00,2.2336560e-01
7.6150000e+00,2.2349577e-01
7.6200000e+00,2.2362543e-01
7.6250000e+00,2.2375459e-01
7.6300000e+00,2.2388324e-01
7.6350000e+00,2.2401139e-01
7.6400000e+00,2.2413903e-01
7.6450000e+00,2.2426617e-01
7.6500000e+00,2.2439281e-01
7.6550000e+00,2.2451894e-01
7.6600000e+00,2.2464458e-01
7.6650000e+00,2.2476971e-01
7.6700000e+00,2.2489435e-01
7.6750000e+00,2.2501849e-01
7.6800000e+00,2.2514213e-01
7.6850000e+00,2.2526528e-01
7.6900000e+00,2.2538793e-01
7.6950000e+00,2.2551008e-01
7.7000000e+00,2.2563175e-01
7.7050000e+00,2.2575292e-01
7.7100000e+00,2.2587359e-01
7.7150000e+00,2.2599378e-01
7.7200000e+00,2.2611348e-01
7.7250000e+00,2.2623269e-01
7.7300000e+00,2.2635141e-01
7.7350000e+00,2.2646965e-01
7.7400000e+00,2.2658740e-01
7.7450000e+00,2.2670466e-01
7.7500000e+00,2.2682144e-01
7.7550000e+00,2.2693774e-01
7.7600000e+00,2.2705356e-01
7.7650000e+00,2.2716889e-01
7.7700000e+00,2.2728375e-01
7.7750000e+00,2.2739813e-01
7.7800000e+00,2.2751202e-01
7.7850000e+00,2.2762545e-01
7.7900000e+00,2.2773840e-01
7.7950000e+00,2.2785087e-01
7.8000000e+00,2.2796287e-01
7.8050000e+00,2.2807440e-01
7.8100000e+00,2.2818545e-01
7.8150000e+00,2.2829604e-01
7.8200000e+00,2.2840615e-01
7.8250000e+00,2.2851580e-01
7.8300000e+00,2.2862498e-01
7.8350000e+00,2.2873369e-01
7.8400000e+00,2.2884194e-01
7.8450000e+00,2.2894973e-01
7.8500000e+00,2.2905705e-01
7.8550000e+00,2.2916391e-01
7.8600000e+00,2.2927030e-01
7.8650000e+00,2.2937624e-01
7.8700000e+00,2.2948172e-01
7.8750000e+00,2.2958674e-01
7.8800000e+00,2.2969130e-01
7.8850000e+00,2.2979541e-01
7.8900000e+00,2.2989906e-01
7.8950000e+00,2.3000225e-01
7.9000000e+00,2.3010499e-01
7.9050000e+00,2.3020728e-01
7.9100000e+00,2.3030912e-01
7.9150000e+00,2.3041050e-01
7.9200000e+00,2.3051144e-01
7.9250000e+00,2.3061192e-01
7.9300000e+00,2.3071196e-01
7.9350000e+00,2.3081155e-01
7.9400000e+00,2.3091069e-01
7.9450000e+00,2.3100939e-01
7.9500000e+00,2.3110764e-01
7.9550000e+00,2.3120545e-01
7.9600000e+00,2.3130281e-01
7.9650000e+00,2.3139973e-01
7.9700000e+00,2.3149620e-01
7.9750000e+00,2.3159224e-01
7.9800000e+00,2.3168783e-01
7.9850000e+00,2.3178298e-01
7.9900000e+00,2.3187770e-01
7.9950000e+00,2.3197197e-01
8.0000000e+00,2.3206580e-01
8.0050000e+00,2.3215920e-01
8.0100000e+00,2.3225216e-01
8.0150000e+00,2.3234467e-01
8.0200000e+00,2.3243676e-01
8.0250000e+00,2.3252840e-01
8.0300000e+00,2.3261961e-01
8.0350000e+00,2.3271039e-01
8.0400000e+00,2.3280072e-01
8.0450000e+00,2.3289063e-01
8.0500000e+00,2.3298009e-01
8.0550000e+00,2.3306912e-01
8.0600000e+00,2.3315772e-01
8.0650000e+00,2.3324588e-01
8.0700000e+00,2.3333361e-01
8.0750000e+00,2.3342090e-01
8.0800000e+00,2.3350776e-01
8.0850000e+00,2.3359419e-01
8.0900000e+00,2.3368018e-01
8.0950000e+00,2.3376573e-01
8.1000000e+00,2.3385085e-01
8.1050000e+00,2.3393554e-01
8.1100000e+00,2.3401979e-01
8.1150000e+00,2.3410360e-01
8.1200000e+00,2.3418698e-01
8.1250000e+00,2.3426993e-01
8.1300000e+00,2.3435243e-01
8.1350000e+00,2.3443450e-01
8.1400000e+00,2.3451614e-01
8.1450000e+00,2.3459733e-01
8.1500000e+00,2.3467809e-01
8.1550000e+00,2.3475841e-01
8.1600000e+00,2.3483828e-01
8.1650000e+00,2.3491772e-01
8.1700000e+00,2.3499672e-01
8.1750000e+00,2.3507527e-01
8.1800000e+00,2.3515338e-01
8.1850000e+00,2.3523105e-01
8.1900000e+00,2.3530827e-01
8.1950000e+00,2.3538505e-01
8.2000000e+00,2.3546137e-01
8.2050000e+00,2.3553725e-01
8.2100000e+00,2.3561268e-01
8.2150000e+00,2.3568766e-01
8.2200000e+00,2.3576219e-01
8.2250000e+00,2.3583627e-01
8.2300000e+00,2.3590988e-01
8.2350000e+00,2.3598305e-01
8.2400000e+00,2.3605575e-01
8.2450000e+00,2.3612799e-01
8.2500000e+00,2.3619977e-01
8.2550000e+00,2.3627109e-01
8.2600000e+00,2.3634194e-01
8.2650000e+00,2.3641232e-01
8.2700000e+00,2.3648224e-01
8.2750000e+00,2.3655168e-01
8.2800000e+00,2.3662065e-01
8.2850000e+00,2.3668914e-01
8.2900000e+00,2.3675715e-01
8.2950000e+00,2.3682469e-01
8.3000000e+00,2.3689173e-01
8.3050000e+00,2.3695829e-01
8.3100000e+00,2.3702437e-01
8.3150000e+00,2.3708995e-01
8.3200000e+00,2.3715503e-01
8.3250000e+00,2.3721962e-01
8.3300000e+00,2.3728371e-01
8.3350000e+00,2.3734729e-01
8.3400000e+00,2.3741036e-01
8.3450000e+00,2.3747293e-01
8.3500000e+00,2.3753498e-01
8.3550000e+00,2.3759651e-01
8.3600000e+00,2.3765753e-01
8.3650000e+00,2.3771801e-01
8.3700000e+00,2.3777797e-01
8.3750000e+00,2.3783740e-01
8.3800000e+00,2.3789629e-01
8.3850000e+00,2.3795464e-01
8.3900000e+00,2.3801244e-01
8.3950000e+00,2.3806970e-01
8.4000000e+00,2.3812640e-01
8.4050000e+00,2.3818254e-01
8.4100000e+00,2.3823812e-01
8.4150000e+00,2.3829313e-01
8.4200000e+00,2.3834757e-01
8.4250000e+00,2.3840143e-01
8.4300000e+00,2.3845471e-01
8.4350000e+00,2.3850740e-01
8.4400000e+00,2.3855950e-01
8.4450000e+00,2.3861100e-01
8.4500000e+00,2.3866189e-01
8.4550000e+00,2.3871217e-01
8.4600000e+00,2.3876184e-01
8.4650000e+00,2.3881088e-01
8.4700000e+00,2.3885930e-01
8.4750000e+00,2.3890708e-01
8.4800000e+00,2.3895422e-01
8.4850000e+00,2.3900071e-01
8.4900000e+00,2.3904655e-01
8.4950000e+00,2.3909172e-01
8.5000000e+00,2.3913623e-01
8.5050000e+00,2.3918006e-01
8.5100000e+00,2.3922321e-01
8.5150000e+00,2.3926567e-01
8.5200000e+00,2.3930743e-01
8.5250000e+00,2.3934849e-01
8.5300000e+00,2.3938883e-01
8.5350000e+00,2.3942845e-01
8.5400000e+00,2.3946734e-01
8.5450000e+00,2.3950549e-01
8.5500000e+00,2.3954290e-01
8.5550000e+00,2.3957955e-01
8.5600000e+00,2.3961543e-01
8.5650000e+00,2.3965054e-01
8.5700000e+00,2.3968487e-01
8.5750000e+00,2.3971841e-01
8.5800000e+00,2.3975115e-01
8.5850000e+00,2.3978307e-01
8.5900000e+00,2.3981418e-01
8.5950000e+00,2.3984445e-01
8.6000000e+00,2.3987388e-01
8.6050000e+00,2.3990246e-01
8.6100000e+00,2.3993017e-01
8.6150000e+00,2.3995701e-01
8.6200000e+00,2.3998297e-01
8.6250000e+00,2.4000803e-01
8.6300000e+00,2.4003218e-01
8.6350000e+00,2.4005541e-01
8.6400000e+00,2.4007771e-01
8.6450000e+00,2.4009907e-01
8.6500000e+00,2.4011947e-01
8.6550000e+00,2.4013891e-01
8.6600000e+00,2.4015736e-01
8.6650000e+00,2.4017482e-01
8.6700000e+00,2.4019127e-01
8.6750000e+00,2.4020670e-01
8.6800000e+00,2.4022109e-01
8.6850000e+00,2.4023444e-01
8.6900000e+00,2.4024673e-01
8.6950000e+00,2.4025794e-01
8.7000000e+00,2.4026805e-01
8.7050000e+00,2.4027706e-01
8.7100000e+00,2.4028495e-01
8.7150000e+00,2.4029170e-01
8.7200000e+00,2.4029731e-01
8.7250000e+00,2.4030174e-01
8.7300000e+00,2.4030499e-01
8.7350000e+00,2.4030703e-01
8.7400000e+00,2.4030786e-01
8.7450000e+00,2.4030746e-01
8.7500000e+00,2.4030580e-01
8.7550000e+00,2.4030288e-01
8.7600000e+00,2.4029867e-01
8.7650000e+00,2.4029315e-01
8.7700000e+00,2.4028631e-01
8.7750000e+00,2.4027813e-01
8.7800000e+00,2.4026859e-01
8.7850000e+00,2.4025767e-01
8.7900000e+00,2.4024535e-01
8.7950000e+00,2.4023161e-01
8.8000000e+00,2.4021644e-01
8.8050000e+00,2.4019980e-01
8.8100000e+00,2.4018168e-01
8.8150000e+00,2.4016206e-01
8.8200000e+00,2.4014092e-01
8.8250000e+00,2.4011824e-01
8.8300000e+00,2.4009399e-01
8.8350000e+00,2.4006815e-01
8.8400000e+00,2.4004070e-01
8.8450000e+00,2.4001162e-01
8.8500000e+00,2.3998088e-01
8.8550000e+00,2.3994846e-01
8.8600000e+00,2.3991433e-01
8.8650000e+00,2.3987847e-01
8.8700000e+00,2.3984086e-01
8.8750000e+00,2.3980147e-01
8.8800000e+00,2.3976027e-01
8.8850000e+00,2.3971725e-01
8.8900000e+00,2.3967236e-01
8.8950000e+00,2.3962560e-01
8.9000000e+00,2.3957692e-01
8.9050000e+00,2.3952630e-01
8.9100000e+00,2.3947372e-01
8.9150000e+00,2.3941915e-01
8.9200000e+00,2.3936255e-01
8.9250000e+00,2.3930390e-01
8.9300000e+00,2.3924316e-01
8.9350000e+00,2.3918032e-01
8.9400000e+00,2.3911534e-01
8.9450000e+00,2.3904818e-01
8.9500000e+00,2.3897883e-01
8.9550000e+00,2.3890723e-01
8.9600000e+00,2.3883338e-01
8.9650000e+00,2.3875722e-01
8.9700000e+00,2.3867873e-01
8.9750000e+00,2.3859787e-01
8.9800000e+00,2.3851462e-01
8.9850000e+00,2.3842894e-01
8.9900000e+00,2.3834078e-01
8.9950000e+00,2.3825013e-01
9.0000000e+00,2.3815693e-01
9.0050000e+00,2.3806116e-01
9.0100000e+00,2.3796278e-01
9.0150000e+00,2.3786175e-01
9.0200000e+00,2.3775803e-01
9.0250000e+00,2.3765159e-01
9.0300000e+00,2.3754239e-01
9.0350000e+00,2.3743039e-01
9.0400000e+00,2.3731554e-01
9.0450000e+00,2.3719781e-01
9.0500000e+00,2.3707716e-01
9.0550000e+00,2.3695355e-01
9.0600000e+00,2.3682693e-01
9.0650000e+00,2.3669726e-01
9.0700000e+00,2.3656450e-01
9.0750000e+00,2.3642861e-01
9.0800000e+00,2.3628954e-01
9.0850000e+00,2.3614724e-01
9.0900000e+00,2.3600168e-01
9.0950000e+00,2.3585280e-01
9.1000000e+00,2.3570056e-01
9.1050000e+00,2.3554492e-01
9.1100000e+00,2.3538582e-01
9.1150000e+00,2.3522322e-01
9.1200000e+00,2.3505706e-01
9.1250000e+00,2.3488730e-01
9.1300000e+00,2.3471390e-01
9.1350000e+00,2.3453679e-01
9.1400000e+00,2.3435593e-01
9.1450000e+00,2.3417126e-01
9.1500000e+00,2.3398274e-01
9.1550000e+00,2.3379030e-01
9.1600000e+00,2.3359390e-01
9.1650000e+00,2.3339348e-01
9.1700000e+00,2.3318899e-01
9.1750000e+00,2.3298036e-01
9.1800000e+00,2.3276755e-01
9.1850000e+00,2.3255049e-01
9.1900000e+00,2.3232913e-01
9.1950000e+00,2.3210341e-01
9.2000000e+00,2.3187327e-01
9.2050000e+00,2.3163865e-01
9.2100000e+00,2.3139949e-01
9.2150000e+00,2.3115572e-01
9.2200000e+00,2.3090729e-01
9.2250000e+00,2.3065413e-01
9.2300000e+00,2.3039617e-01
9.2350000e+00,2.3013336e-01
9.2400000e+00,2.2986563e-01
9.2450000e+00,2.2959290e-01
9.2500000e+00,2.2931512e-01
9.2550000e+00,2.2903222e-01
9.2600000e+00,2.2874412e-01
9.2650000e+00,2.2845077e-01
9.2700000e+00,2.2815208e-01
9.2750000e+00,2.2784798e-01
9.2800000e+00,2.2753841e-01
9.2850000e+00,2.2722330e-01
9.2900000e+00,2.2690256e-01
9.2950000e+00,2.2657613e-01
9.3000000e+00,2.2624393e-01
9.3050000e+00,2.2590588e-01
9.3100000e+00,2.2556190e-01
9.3150000e+00,2.2521192e-01
9.3200000e+00,2.2485587e-01
9.3250000e+00,2.2449365e-01
9.3300000e+00,2.2412519e-01
9.3350000e+00,2.2375041e-01
9.3400000e+00,2.2336922e-01
9.3450000e+00,2.2298155e-01
9.3500000e+00,2.2258730e-01
9.3550000e+00,2.2218639e-01
9.3600000e+00,2.2177874e-01
9.3650000e+00,2.2136426e-01
9.3700000e+00,2.2094286e-01
9.3750000e+00,2.2051445e-01
9.3800000e+00,2.2007894e-01
9.3850000e+00,2.1963624e-01
9.3900000e+00,2.1918625e-01
9.3950000e+00,2.1872890e-01
9.4000000e+00,2.1826407e-01
9.4050000e+00,2.1779168e-01
9.4100000e+00,2.1731162e-01
9.4150000e+00,2.1682381e-01
9.4200000e+00,2.1632814e-01
9.4250000e+00,2.1582452e-01
9.4300000e+00,2.1531283e-01
9.4350000e+00,2.1479299e-01
9.4400000e+00,2.1426489e-01
9.4450000e+00,2.1372842e-01
9.4500000e+00,2.1318348e-01
9.4550000e+00,2.1262997e-01
9.4600000e+00,2.1206777e-01
9.4650000e+00,2.1149679e-01
9.4700000e+00,2.1091690e-01
9.4750000e+00,2.1032799e-01
9.4800000e+00,2.0972997e-01
9.4850000e+00,2.0912271e-01
9.4900000e+00,2.0850610e-01
9.4950000e+00,2.0788002e-01
9.5000000e+00,2.0724436e-01
9.5050000e+00,2.0659900e-01
9.5100000e+00,2.0594382e-01
9.5150000e+00,2.0527870e-01
9.5200000e+00,2.0460352e-01
9.5250000e+00,2.0391815e-01
9.5300000e+00,2.0322248e-01
9.5350000e+00,2.0251638e-01
9.5400000e+00,2.0179971e-01
9.5450000e+00,2.0107236e-01
9.5500000e+00,2.0033419e-01
9.5550000e+00,1.9958508e-01
9.5600000e+00,1.9882488e-01
9.5650000e+00,1.9805348e-01
9.5700000e+00,1.9727073e-01
9.5750000e+00,1.9647649e-01
9.5800000e+00,1.9567064e-01
9.5850000e+00,1.9485303e-01
9.5900000e+00,1.9402353e-01
9.5950000e+00,1.9318198e-01
9.6000000e+00,1.9232825e-01
9.6050000e+00,1.9146220e-01
9.6100000e+00,1.9058368e-01
9.6150000e+00,1.8969254e-01
9.6200000e+00,1.8878864e-01
9.6250000e+00,1.8787182e-01
9.6300000e+00,1.8694193e-01
9.6350000e+00,1.8599882e-01
9.6400000e+00,1.8504234e-01
9.6450000e+00,1.8407233e-01
9.6500000e+00,1.8308864e-01
9.6550000e+00,1.8209110e-01
9.6600000e+00,1.8107955e-01
9.6650000e+00,1.8005384e-01
9.6700000e+00,1.7901379e-01
9.6750000e+00,1.7795925e-01
9.6800000e+00,1.7689006e-01
9.6850000e+00,1.7580603e-01
9.6900000e+00,1.7470700e-01
9.6950000e+00,1.7359281e-01
9.7000000e+00,1.7246327e-01
9.7050000e+00,1.7131821e-01
9.7100000e+00,1.7015747e-01
9.7150000e+00,1.6898085e-01
9.7200000e+00,1.6778819e-01
9.7250000e+00,1.6657929e-01
9.7300000e+00,1.6535398e-01
9.7350000e+00,1.6411208e-01
9.7400000e+00,1.6285340e-01
9.7450000e+00,1.6157774e-01
9.7500000e+00,1.6028493e-01
9.7550000e+00,1.5897477e-01
9.7600000e+00,1.5764707e-01
9.7650000e+00,1.5630163e-01
9.7700000e+00,1.5493826e-01
9.7750000e+00,1.5355676e-01
9.7800000e+00,1.5215693e-01
9.7850000e+00,1.5073857e-01
9.7900000e+00,1.4930147e-01
9.7950000e+00,1.4784544e-01
9.8000000e+00,1.4637026e-01
9.8050000e+00,1.4487573e-01
9.8100000e+00,1.4336164e-01
9.8150000e+00,1.4182777e-01
9.8200000e+00,1.4027391e-01
9.8250000e+00,1.3869984e-01
9.8300000e+00,1.3710535e-01
9.8350000e+00,1.3549022e-01
9.8400000e+00,1.3385423e-01
9.8450000e+00,1.3219715e-01
9.8500000e+00,1.3051875e-01
9.8550000e+00,1.2881882e-01
9.8600000e+00,1.2709712e-01
9.8650000e+00,1.2535342e-01
9.8700000e+00,1.2358748e-01
9.8750000e+00,1.2179909e-01
9.8800000e+00,1.1998799e-01
9.8850000e+00,1.1815394e-01
9.8900000e+00,1.1629672e-01
9.8950000e+00,1.1441607e-01
9.9000000e+00,1.1251175e-01
9.9050000e+00,1.1058352e-01
9.9100000e+00,1.0863112e-01
9.9150000e+00,1.0665431e-01
9.9200000e+00,1.0465283e-01
9.9250000e+00,1.0262642e-01
9.9300000e+00,1.0057484e-01
9.9350000e+00,9.8497828e-02
9.9400000e+00,9.6395113e-02
9.9450000e+00,9.4266439e-02
9.9500000e+00,9.2111540e-02
9.9550000e+00,8.9930148e-02
9.9600000e+00,8.7721996e-02
9.9650000e+00,8.5486812e-02
9.9700000e+00,8.3224323e-02
9.9750000e+00,8.0934254e-02
9.9800000e+00,7.8616327e-02
9.9850000e+00,7.6270263e-02
9.9900000e+00,7.3895780e-02
9.9950000e+00,7.1492595e-02
1.0000000e+01,6.9060421e-02
